from,to,Type,Von Film,zu Mitarbeiter
di_aabl,mv_brbear,6,Brother Bear,Aaron Blaise
di_adsh,mv_bedtime,6,Bedtime Stories,Adam Shankman
di_alma,mv_ouach,6,Mickey's Once upon a Christmas,Alex Mann
di_alrr,mv_wondersdeep,6,Wonders of the Deep,Alonso Ramirez Ramos
di_alza,mv_jafar,6,The Return of Jafar,Alan Zaslove
di_anle,mv_lands2,6,Lilo & Stitch 2,Anthony Leondis
di_anml,mv_toystterr,6,Toy Story of Terror,Angus MacLane
di_anst,mv_dory,6,Finding Dory,Andrew Stanton
di_anst,mv_nemo,6,Finding Nemo,Andrew Stanton
di_arst,mv_foxho,6,The Fox and the Hound,Art Stevens
di_arst,mv_resc,6,The Rescuers,Art Stevens
di_baco,mv_mulan,6,Mulan,Barry Cook
di_besh,mv_dumbo,6,Dumbo,Ben Sharpsteen
di_besh,mv_fant,6,Fantasia,Ben Sharpsteen
di_besh,mv_pinocchio,6,Pinocchio,Ben Sharpsteen
di_besh,mv_snow,6,Snow White and the Seven Dwarfs,Ben Sharpsteen
di_biro,mv_bambi,6,Bambi,Bill Roberts
di_biro,mv_dumbo,6,Dumbo,Bill Roberts
di_biro,mv_fant,6,Fantasia,Bill Roberts
di_biro,mv_funff,6,Fun and Fancy Free,Bill Roberts
di_biro,mv_pinocchio,6,Pinocchio,Bill Roberts
di_biro,mv_salam,6,Saludos Amigos,Bill Roberts
di_biro,mv_thrcab,6,The Three Caballeros,Bill Roberts
di_bisp,mv_ouach,6,Mickey's Once upon a Christmas,Bill Speers
di_boga,mv_planefr,6,Planes: Fire & Rescue,Bobs Gannaway
di_boga,mv_stitch,6,Stitch! The Movie,Bobs Gannaway
di_boha,mv_ducktls,6,DuckTales: The Movie – Treasure of the Lost Lamp,Bob Hathcock
di_brabi,mv_jjatt,6,Jack-Jack-Attack,Brad Bird
di_brabi,mv_ratatou,6,Ratatouille,Brad Bird
di_brabi,mv_inc,6,The Incredibles,Brad Bird
di_brabi,mv_inc2,6,The Incredibles 2,Brad Bird
di_brabi,mv_irongiant,6,The Iron Giant,Brad Bird
di_brch,mv_brave,6,Brave,Brenda Chapman
di_brfe,mv_cars3,6,Cars3,Brian Fee
di_brle,mv_cars2,6,Cars2,Brad Lewis
di_brpi,mv_bambi2,6,Bambi II,Brian Pimental
di_brra,mv_ouach,6,Mickey's Once upon a Christmas,Bradley Raymond
di_brra,mv_liki2,6,The Lion King 1/1/2,Bradley Raymond
di_brsm,mv_tlmm2,6,The little Mermaid II,Brian Smith
di_buma,mv_tgmouse,6,The Great Mouse Detective,Burny Mattinson
di_byho,mv_bolt,6,Bolt,Byron Howard
di_byho,mv_tang,6,Tangled,Byron Howard
di_byho,mv_zoo,6,Zootopia,Byron Howard
di_chbu,mv_frozen,6,Frozen,Chris Buck
di_chbu,mv_frozen2,6,Frozen2,Chris Buck
di_chbu,mv_tarzan,6,Tarzan,Chris Buck
di_chma,mv_looney,6,Looney Tunes,"Charles Martin ""Chuck"" Jones"
di_chmi,mv_oswald,6,Oswald the Lucky Rabbit,Charles Mintz
di_chsa,mv_lands,6,Lilo & Stitch,Chris Sanders
di_chsh,mv_recess,6,Recess: School's Out,Chuck Sheetz
di_chwi,mv_bh6,6,Big Hero 6,Chris Williams
di_chwi,mv_bolt,6,Bolt,Chris Williams
di_clge,mv_alice,6,Alice in Wonderland,Clyde Geronimi 
di_clge,mv_cind,6,Cinderella (1950),Clyde Geronimi
di_clge,mv_lattr,6,Lady and the Tramp,Clyde Geronimi
di_clge,mv_mmmus,6,Make mine Music,Clyde Geronimi
di_clge,mv_101dal61,6,One Hundred and One Dalmatians (61),Clyde Geronimi
di_clge,mv_ppan,6,Peter Pan,Clyde Geronimi
di_clge,mv_tsby,6,Sleeping Beauty,Clyde Geronimi
di_clge,mv_ichtoad,6,The Adventures of Ichabod and Mr. Toad,Clyde Geronimi
di_clge,mv_thrcab,6,The Three Caballeros,Clyde Geronimi
di_clge,mv_tugduck,6,The Ugly Duckling,Clyde Geronimi
di_daha,mv_bambi,6,Bambi,David Hand
di_daha,mv_fant,6,Fantasia,David D. Hand
di_daha,mv_snow,6,Snow White and the Seven Dwarfs,David Hand
di_dami,mv_tgmouse,6,The Great Mouse Detective,Dave Michener
di_dasc,mv_monstersuni,6,Monsters University,Dan Scanlon
di_daso,mv_turbo,6,Turbo,David Soren
di_dedebl,mv_lands,6,Lilo & Stitch,Dean DeBlois
di_doco,mv_musketeers,6,The Three Musketeers,Donovan Cook
di_doha,mv_bh6,6,Big Hero 6,Don Hall
di_dohahn,mv_fant2,6,Fantasia 2000,Don Hahn
di_dosw,mv_presto,6,Presto,Doug Sweetland
di_ergo,mv_fant2,6,Fantasia 2000,Eric Goldberg
di_ergo,mv_poca,6,Pocahontas,Eric Goldberg
di_erla,mv_tsby,6,Sleeping Beauty,Eric Larson
di_fbta,mv_looney,6,Looney Tunes,"Frederick Bean ""Tex"" Avery"
di_fobe,mv_fant,6,Fantasia,Ford Beebe
di_frcl,mv_fant2,6,Fantasia 2000,Francis Glebas
di_frcl,mv_pigbm,6,Piglet's Big Movie,Francis Glebas
di_frni,mv_heffalump,6,Pooh’s Heffalump Movie,Frank Nissen
di_gabri,mv_fant2,6,Fantasia 2000,Gaetan Brizzi
di_gatr,mv_batb,6,Beauty and the Beast,Gary Trousdale
di_gatr,mv_hbnd,6,The Hunchback of Notre Dame,Gary Trousdale
di_gelu,mv_starwars,6,Star Wars,George Lucas
di_gesc,mv_olicomp,6,Oliver and Company,George Scribner
di_gigu,mv_emojii,6,As Told by Emojii,Gino Guzzardo
di_grhe,mv_bambi,6,Bambi,Graham Heid
di_guri,mv_alad19,6,Aladdin (2019),Guy Ritchie
di_halu,mv_alice,6,Alice in Wonderland,Hamilton Luske
di_halu,mv_cind,6,Cinderella (1950),Hamilton Luske
di_halu,mv_fant,6,Fantasia,Hamilton Luske
di_halu,mv_funff,6,Fun and Fancy Free,Hamilton Luske
di_halu,mv_lattr,6,Lady and the Tramp,Hamilton Luske
di_halu,mv_mmmus,6,Make mine Music,Hamilton Luske
di_halu,mv_101dal61,6,One Hundred and One Dalmatians (61),Hamilton Luske
di_halu,mv_ppan,6,Peter Pan,Hamilton Luske
di_halu,mv_pinocchio,6,Pinocchio,Hamilton Luske
di_halu,mv_salam,6,Saludos Amigos,Hamilton Luske
di_hayo,mv_thrcab,6,The Three Caballeros,Harold Young
di_hebu,mv_fant2,6,Fantasia 2000,Hendel Butoy
di_hebu,mv_resc2,6,The Rescuers Down Under,Hendel Butoy
di_hese,mv_jampch,6,James and the giant Peach,Henry Selick
di_hese,mv_nbchr,6,Nightmare before Christmas,Henry Selick
di_isffre,mv_looney,6,Looney Tunes,"Isadore ""Friz"" Freleng"
di_jaal,mv_bambi,6,Bambi,James Algar
di_jaal,mv_fant,6,Fantasia,James Algar
di_jaal,mv_fant2,6,Fantasia 2000,James Algar
di_jaal,mv_ichtoad,6,The Adventures of Ichabod and Mr. Toad,James Algar
di_jacu,mv_tugduck,6,The Ugly Duckling,Jack Cutting
di_jafr,mv_muppets,6,The Muppets,James Frawley
di_jagu,mv_guards,6,Guardians of the Galaxy,James Gunn
di_jaki,mv_dumbo,6,Dumbo,Jack Kinney
di_jaki,mv_funff,6,Fun and Fancy Free,Jack Kinney
di_jaki,mv_mmmus,6,Make mine Music,Jack Kinney
di_jaki,mv_pinocchio,6,Pinocchio,Jack Kinney
di_jaki,mv_salam,6,Saludos Amigos,Jack Kinney
di_jaki,mv_ichtoad,6,The Adventures of Ichabod and Mr. Toad,Jack Kinney
di_jaki,mv_thrcab,6,The Three Caballeros,Jack Kinney
di_jami,mv_sofia,6,Sofia the First,Jamie Mitchell
di_jele,mv_frozen,6,Frozen,Jennifer Lee
di_jele,mv_frozen2,6,Frozen2,Jennifer Lee
di_jere,mv_toaster,6,The Breave little Toaster,Jerry Rees
di_jica,mv_friendrat,6,Your friend the Rat,Jim Capobianco
di_jiha,mv_fant,6,Fantasia,Jim Handley
di_jika,mv_tlmm2,6,The little Mermaid II,Jim Kammerud
di_joco,mv_toyst4,6,Toy Story 4,Josh Cooley
di_jofa,mv_ironman,6,Iron Man,Jon Favreau
di_jojo,mv_hidalgo,6,Hidalgo,Joe Johnston
di_joka,mv_paperman,6,Paperman,John Kahrs
di_jola,mv_abuli,6,A Bug's Life,John Lasseter
di_jola,mv_cars,6,Cars,John Lasseter
di_jola,mv_cars2,6,Cars2,John Lasseter
di_jola,mv_luxo,6,Luxo Jr.,John Lasseter
di_jola,mv_redsdr,6,Red's Dream,John Lasseter
di_jola,mv_toyst,6,Toy Story,John Lasseter
di_jola,mv_toyst2,6,Toy Story 2,John Lasseter
di_jolo,mv_mapooh,6,The many Adventures of Winnie the Pooh,John Lounsbery
di_jolo,mv_resc,6,The Rescuers,John Lounsbery
di_jome,mv_mmmus,6,Make mine Music,Joshua Meador
di_jomu,mv_alad,6,Aladdin (Film),John Musker
di_jomu,mv_hercules,6,Hercules,John Musker
di_jomu,mv_moana,6,Moana,John Musker
di_jomu,mv_tgmouse,6,The Great Mouse Detective,John Musker
di_jomu,mv_tlmm,6,The Little Mermaid,John Musker
di_jomu,mv_tpatf,6,The Princess and the Frog,John Musker
di_jomu,mv_treasurepl,6,Treasure Planet,John Musker
di_jora,mv_cars,6,Cars,Joe Ranft
di_josa,mv_hotr,6,Home on the Range,John Sanford
di_jowh,mv_avengers,6,Marvel - The Avengers,Joss Whedon
di_jufa,mv_ouach,6,Mickey's Once upon a Christmas,Jun Falkenstein
di_jufa,mv_tiggermv,6,The Tigger Movie,Jun Falkenstein
di_keli,mv_goofy,6,A Goofy Movie,Kevin Lima
di_keli,mv_tarzan,6,Tarzan,Kevin Lima
di_kiwi,mv_batb,6,Beauty and the Beast,Kirk Wise
di_kiwi,mv_hbnd,6,The Hunchback of Notre Dame,Kirk Wise
di_klha,mv_planes,6,Planes,Klay Hall
di_lamo,mv_snow,6,Snow White and the Seven Dwarfs,Larry Morey
di_lecl,mv_tsby,6,Sleeping Beauty,Les Clark
di_lema,mv_flubber,6,Flubber,Les Mayfield
di_leun,mv_coco,6,Coco,Lee Unkrich
di_leun,mv_toyst3,6,Toy Story 3,Lee Unkrich
di_maan,mv_brave,6,Brave,Mark Andrews
di_maas,mv_gigantic,6,Gigantic,Matt Aselton
di_madi,mv_chlit,6,Chicken Little,Mark Dindal
di_mafo,mv_chrrob,6,Christopher Robin,Marc Forster
di_majo,mv_doug,6,Doug's 1st Movie,Maurice Joyce
di_maoca,mv_tuach,6,Mickey's Twice upon a Christmas,Matthew O'Callaghan
di_miga,mv_poca,6,Pocahontas,Mike Gabriel
di_miga,mv_resc2,6,The Rescuers Down Under,Mike Gabriel
di_milaba,mv_lands2,6,Lilo & Stitch 2,Michael LaBash
di_mimo,mv_donlamp,6,Donald's Lamp Trade,Mike Moon
di_mimo,mv_housemouse,6,Mickey's Magical Christmas / House of Mouse,Mike Moon
di_nagr,mv_tang,6,Tangled,Nathan Greno
di_nofe,mv_dumbo,6,Dumbo,Norman Ferguson
di_nofe,mv_fant,6,Fantasia,Norman Ferguson
di_nofe,mv_pinocchio,6,Pinocchio,Norman Ferguson
di_nofe,mv_salam,6,Saludos Amigos,Norman Ferguson
di_nofe,mv_thrcab,6,The Three Caballeros,Norman Ferguson
di_nowr,mv_bambi,6,Bambi,Norman Wright
di_pabr,mv_fant2,6,Fantasia 2000,Paul Brizzi
di_pasa,mv_bambi,6,Bambi,Paul Satterfield
di_pasa,mv_fant,6,Fantasia,Paul Satterfield
di_pedo,mv_inout,6,Inside Out,Pete Docter
di_pedo,mv_monsters,6,"Monsters, Inc.",Pete Docter
di_pedo,mv_up,6,Up,Pete Docter
di_peha,mv_cbears,6,The Country Bears,Peter Hastings
di_peho,mv_secotw,6,Secret of the Wings,Peggy Holmes
di_peho,mv_piratefair,6,The Pirate Fairy,Peggy Holmes
di_pepe,mv_snow,6,Snow White and the Seven Dwarfs,Perce Pearce
di_peso,mv_tgoodi,6,The Good Dinosaur,Peter Sohn
di_phjo,mv_ralphbrk,6,Ralph Breaks the Internet,Phil Johnston
di_pihu,mv_fant2,6,Fantasia 2000,Pixote Hunt
di_raja,mv_emojii,6,As Told by Emojii,Randy Jamison
di_rimo,mv_ralphbrk,6,Ralph Breaks the Internet,Rich Moore
di_rimo,mv_wir,6,Wreck it Ralph,Rich Moore
di_rimo,mv_zoo,6,Zootopia,Rich Moore
di_riri,mv_blcaul,6,The Black Cauldron,Richard Rich
di_riri,mv_foxho,6,The Fox and the Hound,Richard Rich
di_rischca,mv_donlamp,6,Donald's Lamp Trade,Rick Schneider-Calabash
di_rischca,mv_housemouse,6,Mickey's Magical Christmas / House of Mouse,Rick Schneider-Calabash
di_riwi,mv_whofrrr,6,Who Framed Roger Rabbit,Richard Williams
di_roal,mv_liki,6,The Lion King,Roger Allers
di_robu,mv_rtneverl,6,Return to Never Land,Robin Budd
di_rocl,mv_alad,6,Aladdin (Film),Ron Clements
di_rocl,mv_hercules,6,Hercules,Ron Clements
di_rocl,mv_moana,6,Moana,Ron Clements
di_rocl,mv_tgmouse,6,The Great Mouse Detective,Ron Clements
di_rocl,mv_tlmm,6,The Little Mermaid,Ron Clements
di_rocl,mv_tpatf,6,The Princess and the Frog,Ron Clements
di_rocl,mv_treasurepl,6,Treasure Planet,Ron Clements
di_roco,mv_mmmus,6,Make mine Music,Robert Cormack
di_roembicl,mv_looney,6,Looney Tunes,"Robert Emerson ""Bob"" Clampett"
di_roga,mv_donlamp,6,Donald's Lamp Trade,Roberts Gannaway
di_roga,mv_housemouse,6,Mickey's Magical Christmas / House of Mouse,Roberts Gannaway
di_romi,mv_liki,6,The Lion King,Rob Minkoff
di_ropobomc,mv_looney,6,Looney Tunes,"Robert Porter ""Bob"" McKimson"
di_rore,mv_housemouse,6,Mickey's Magical Christmas / House of Mouse,Rob Renzetti
di_rost,mv_merpop,6,Merry Poppins,Robert Stevenson
di_rowa,mv_brbear,6,Brother Bear,Robert Walker
di_roze,mv_whofrrr,6,Who Framed Roger Rabbit,Robert Zemeckis
di_saar,mv_bambi,6,Bambi,Samuel Armstrong
di_saar,mv_dumbo,6,Dumbo,Samuel Armstrong
di_saar,mv_fant,6,Fantasia,Samuel Armstrong
di_stan,mv_mtr,6,Meet the Robinsons,Stephen Anderson
di_sthe,mv_101dal96,6,One Hundred And One Dalmatians (96),Stephen Herek
di_stlo,mv_tinkerlnb,6,Tinker Bell and the Legend of the NeverBeast,Steve Loter
di_stpu,mv_toysttf,6,Toy Story That Time Forgot,Steve Purcell
di_stsp,mv_indy,6,Raider of the Lost Ark,Steven Spielberg
di_stspwi,mv_wild,6,The Wild,"Steve ""Spaz"" Williams"
di_sttr,mv_jungle2,6,The Jungle Book 2,Steve Trenbirth
di_tast,mv_alad2,6,Aladdin and the King of Thieves,Tad Stones
di_tast,mv_jafar,6,The Return of Jafar,Tad Stones
di_tebe,mv_blcaul,6,The Black Cauldron,Ted Berman
di_tebe,mv_foxho,6,The Fox and the Hound,Ted Berman
di_thee,mv_fant,6,Fantasia,T. Hee
di_thee,mv_pinocchio,6,Pinocchio,T. Hee
di_tibj,mv_teapet,6,Teacher’s Pet,Timothy Björklund
di_tibu,mv_frween,6,Frankenweenie,Tim Burton
di_toba,mv_mulan,6,Mulan,Tony Bancroft
di_tocr,mv_donlamp,6,Donald's Lamp Trade,Tony Craig
di_tocr,mv_housemouse,6,Mickey's Magical Christmas / House of Mouse,Tony Craig
di_tocr,mv_stitch,6,Stitch! The Movie,Tony Craig
di_tomo,mv_gepetto,6,Gepetto,Tom Moore
di_tosh,mv_ouach,6,Mickey's Once upon a Christmas,Toby Shelton
di_tosh,mv_jafar,6,The Return of Jafar,Toby Shelton
di_ubiw,mv_stbtwl,6,Steamboat Willie,Ub Iwerks
di_wico,mv_snow,6,Snow White and the Seven Dwarfs,William Cottrell
di_wifi,mv_hotr,6,Home on the Range,Will Finn
di_wija,mv_alice,6,Alice in Wonderland,Wilfred Jackson
di_wija,mv_cind,6,Cinderella (1950),Wilfred Jackson
di_wija,mv_dumbo,6,Dumbo,Wilfred Jackson
di_wija,mv_fant,6,Fantasia,Wilfred Jackson
di_wija,mv_lattr,6,Lady and the Tramp,Wilfred Jackson
di_wija,mv_ppan,6,Peter Pan,Wilfred Jackson
di_wija,mv_pinocchio,6,Pinocchio,Wilfred Jackson
di_wija,mv_salam,6,Saludos Amigos,Wilfred Jackson
di_wija,mv_snow,6,Snow White and the Seven Dwarfs,Wilfred Jackson
di_wija,mv_wisehen,6,The Wise Little Hen,Wilfred Jackson
di_wimo,mv_funff,6,Fun and Fancy Free,William Morgan
di_zamo,mv_monster,6,The Monster of Phineas-n-Ferbenstein,Zac Moncrief
pr_abar,mv_ironman,8,Iron Man,Avi Arad
pr_adsa,mv_bedtime,8,Bedtime Stories,Adam Sandler
pr_alab,mv_frween,8,Frankenweenie,Allison Abbate
pr_alab,mv_irongiant,8,The Iron Giant,Allison Abbate
pr_alde,mv_hercules,8,Hercules,Alice Dewey
pr_aldego,mv_hotr,8,Home on the Range,Alice Dewey Goldstone
pr_alza,mv_jafar,8,The Return of Jafar,Alan Zaslove
pr_andy,mv_lands2,8,Lilo & Stitch 2,Angi Dyste
pr_angu,mv_bedtime,8,Bedtime Stories,Andrew Gunn
pr_angu,mv_cbears,8,The Country Bears,Andrew Gunn
pr_arar,mv_ironman,8,Iron Man,Ari Arad
pr_arst,mv_foxho,8,The Fox and the Hound,Art Stevens
pr_befl,mv_wild,8,The Wild,Beau Flynn
pr_besha,mv_fant,8,Fantasia,Ben Sharpsteen
pr_biwa,mv_merpop,8,Merry Poppins,Bill Walsh
pr_boar,mv_tarzan,8,Tarzan,Bonnie Arnold
pr_boar,mv_toyst,8,Toy Story,Bonnie Arnold
pr_boga,mv_planefr,8,Planes: Fire & Rescue,Bobs Gannaway
pr_boga,mv_stitch,8,Stitch! The Movie,Bobs Gannaway
pr_boha,mv_ducktls,8,DuckTales: The Movie – Treasure of the Lost Lamp,Bob Hathcock
pr_brkna,mv_doug,8,Doug's 1st Movie,Bruce Knapp
pr_brle,mv_ratatou,8,Ratatouille,Brad Lewis
pr_brta,mv_chrrob,8,Christopher Robin,Brigham Taylor
pr_buma,mv_tgmouse,8,The Great Mouse Detective,Burny Mattinson
pr_casi,mv_hidalgo,8,Hidalgo,Casey Silver
pr_chab,mv_tiggermv,8,The Tigger Movie,Cheryl Abood
pr_chch,mv_lands2,8,Lilo & Stitch 2,Christopher Chase
pr_chch,mv_rtneverl,8,Return to Never Land,Christopher Chase
pr_chch,mv_jungle2,8,The Jungle Book 2,Christopher Chase
pr_chmachjo,mv_looney,8,Looney Tunes,"Charles Martin ""Chuck"" Jones"
pr_chmi,mv_oswald,8,Oswald the Lucky Rabbit,Charles Mintz
pr_chro,mv_lands2,8,Lilo & Stitch 2,Chrisie Rosenthal
pr_chva,mv_gigantic,8,Gigantic,Christine Vachon
pr_chwi,mv_brbear,8,Brother Bear,Chuck Williams
pr_clgo,mv_wild,8,The Wild,Clint Goldman
pr_clsp,mv_bolt,8,Bolt,Clark Spencer
pr_clsp,mv_lands,8,Lilo & Stitch,Clark Spencer
pr_clsp,mv_ralphbrk,8,Ralph Breaks the Internet,Clark Spencer
pr_clsp,mv_wir,8,Wreck it Ralph,Clark Spencer
pr_clsp,mv_zoo,8,Zootopia,Clark Spencer
pr_daca,mv_doug,8,Doug's 1st Movie,David Campbell
pr_daka,mv_abuli,8,A Bug's Life,Darla K. Anderson
pr_daka,mv_cars,8,Cars,Darla K. Anderson
pr_daka,mv_coco,8,Coco,Darla K. Anderson
pr_daka,mv_monsters,8,"Monsters, Inc.",Darla K. Anderson
pr_daka,mv_toyst3,8,Toy Story 3,Darla K. Anderson
pr_daklo,mv_tlmm2,8,The little Mermaid II,David K. Lovegren
pr_dali,mv_alad19,8,Aladdin (2019),Dan Lin
pr_dama,mv_ironman,8,Iron Man,David Maisel
pr_dani,mv_flubber,8,Flubber,David Nicksay
pr_daok,mv_bambi2,8,Bambi II,Dave Okey
pr_daro,mv_goofy,8,A Goofy Movie,Dan Rounds
pr_daro,mv_rtneverl,8,Return to Never Land,Dan Rounds
pr_decr,mv_musketeers,8,The Three Musketeers,Debbie Cramb
pr_dedn,mv_jampch,8,James and the giant Peach,Denise Di Novi
pr_dedn,mv_nbchr,8,Nightmare before Christmas,Denise Di Novi
pr_demc,mv_irongiant,8,The Iron Giant,Des McAnuff
pr_dere,mv_cars2,8,Cars2,Denise Ream
pr_dere,mv_tgoodi,8,The Good Dinosaur,Denise Ream
pr_doha,mv_batb,8,Beauty and the Beast,Don Hahn
pr_doha,mv_hbnd,8,The Hunchback of Notre Dame,Don Hahn
pr_doha,mv_liki,8,The Lion King,Don Hahn
pr_doha,mv_whofrrr,8,Who Framed Roger Rabbit,Don Hahn
pr_doku,mv_toaster,8,The Breave little Toaster,Donald Kushner
pr_domc,mv_mtr,8,Meet the Robinsons,Dorothy McKim
pr_dower,mv_fant2,8,Fantasia 2000,Donald W. Ernst
pr_ernhe,mv_ironman,8,Iron Man,Eric N. Heffron
pr_frbeteav,mv_looney,8,Looney Tunes,"Frederick Bean ""Tex"" Avery"
pr_frma,mv_indy,8,Raider of the Lost Ark,Frank Marshall
pr_frma,mv_whofrrr,8,Who Framed Roger Rabbit,Frank Marshall
pr_gasu,mv_toystterr,8,Toy Story of Terror,Galyn Susman
pr_gasu,mv_toysttf,8,Toy Story That Time Forgot,Galyn Susman
pr_geame,mv_liki2,8,The Lion King 1/1/2,George A. Mendoza
pr_gelu,mv_indy,8,Raider of the Lost Ark,George Lucas
pr_gelu,mv_starwars,8,Star Wars,George Lucas
pr_gese,mv_teapet,8,Teacher’s Pet,George Seaton
pr_gewi,mv_oswald,8,Oswald the Lucky Rabbit,George Winkler
pr_gigu,mv_emojii,8,As Told by Emojii,Gino Guzzardo
pr_grwa,mv_nemo,8,Finding Nemo,Graham Walters
pr_hepl,mv_toyst2,8,Toy Story 2,Helene Plotkin
pr_hoas,mv_tlmm,8,The Little Mermaid,Howard Ashman
pr_hoka,mv_indy,8,Raider of the Lost Ark,Howard Kazanjian
pr_hpqu,mv_ducktls,8,DuckTales: The Movie – Treasure of the Lost Lamp,Jean-Pierre Quenet
pr_jagi,mv_bedtime,8,Bedtime Stories,Jack Giarraputo
pr_jami,mv_sofia,8,Sofia the First,Jamie Mitchell
pr_jasp,mv_doug,8,Doug's 1st Movie,Jack Spillum
pr_jech,mv_cbears,8,The Country Bears,Jeffrey Chernov
pr_jekm,mv_heffalump,8,Pooh’s Heffalump Movie,Jessica Koplos-Miller
pr_jekm,mv_jafar,8,The Return of Jafar,Jessica Koplos-Miller
pr_jela,mv_ironman,8,Iron Man,Jeremy Latcham
pr_jemo,mv_bambi2,8,Bambi II,Jeffrey Moznett
pr_jero,mv_alad2,8,Aladdin and the King of Thieves,Jeannine Roussel
pr_jewi,mv_stitch,8,Stitch! The Movie,Jess Winfield
pr_jiba,mv_bambi2,8,Bambi II,Jim Ballantine
pr_jica,mv_friendrat,8,Your friend the Rat,Jim Capobianco
pr_jihe,mv_muppets,8,The Muppets,Jim Henson
pr_jiji,mv_doug,8,Doug's 1st Movie,Jim Jinkins
pr_jipe,mv_poca,8,Pocahontas,Jim Pentecost
pr_joan,mv_recess,8,Recess: School's Out,Joe Ansolabehere
pr_joei,mv_alad19,8,Aladdin (2019),Jonathan Eirich
pr_jofa,mv_ironman,8,Iron Man,Jon Favreau
pr_joha,mv_blcaul,8,The Black Cauldron,Joe Hale
pr_johu,mv_flubber,8,Flubber,John Hughes
pr_johu,mv_101dal96,8,One Hundred And One Dalmatians (96),John Hughes
pr_jola,mv_luxo,8,Luxo Jr.,John Lasseter
pr_jola,mv_paperman,8,Paperman,John Lasseter
pr_jola,mv_redsdr,8,Red's Dream,John Lasseter
pr_jomu,mv_alad,8,Aladdin (Film),John Musker
pr_jomu,mv_hercules,8,Hercules,John Musker
pr_jomu,mv_tlmm,8,The Little Mermaid,John Musker
pr_jomu,mv_treasurepl,8,Treasure Planet,John Musker
pr_jori,mv_inout,8,Inside Out,Jonas Rivera
pr_jori,mv_toyst4,8,Toy Story 4,Jonas Rivera
pr_jori,mv_up,8,Up,Jonas Rivera
pr_jowa,mv_inc,8,The Incredibles,John Walker
pr_jowa,mv_inc2,8,The Incredibles 2,John Walker
pr_jowa,mv_irongiant,8,The Iron Giant,John Walker
pr_kaduro,mv_redsdr,8,Red's Dream,Karen Dufilho-Rosen
pr_kaga,mv_olicomp,8,Oliver and Company,Kathleen Gavin
pr_kake,mv_whofrrr,8,Who Framed Roger Rabbit,Kathleen Kennedy
pr_kalo,mv_lands2,8,Lilo & Stitch 2,Kara Lord
pr_kamc,mv_jjatt,8,Jack-Jack-Attack,Kari McKeen
pr_karj,mv_toyst2,8,Toy Story 2,Karen Robert Jackson
pr_kasa,mv_brave,8,Brave,Katherine Sarafian
pr_kefe,mv_guards,8,Guardians of the Galaxy,Kevin Feige
pr_kefe,mv_ironman,8,Iron Man,Kevin Feige
pr_kefe,mv_avengers,8,Marvel - The Avengers,Kevin Feige
pr_keli,mv_wild,8,The Wild,Kevin Lima
pr_kere,mv_abuli,8,A Bug's Life,Kevin Reher
pr_kere,mv_cars3,8,Cars3,Kevin Reher
pr_klha,mv_planes,8,Planes,Klay Hall
pr_kora,mv_monstersuni,8,Monsters University,Kori Rae
pr_krbu,mv_chrrob,8,Christopher Robin,Kristin Burr
pr_krre,mv_paperman,8,Paperman,Kristina Reed
pr_legr,mv_muppets,8,The Muppets,Lew Grade
pr_leho,mv_tlmm2,8,The little Mermaid II,Leslie Hough
pr_lico,mv_dory,8,Finding Dory,Lindsey Collins
pr_list,mv_turbo,8,Turbo,Lisa Stewart
pr_lodes,mv_ironman,8,Iron Man,Louis D'Esposito
pr_male,mv_musketeers,8,The Three Musketeers,Maude Lewis
pr_mama,mv_jafar,8,The Return of Jafar,Maia Mattise
pr_mani,mv_cars2,8,Cars2,Mark Nielsen
pr_mani,mv_toyst4,8,Toy Story 4,Mark Nielsen
pr_maoca,mv_tuach,8,Mickey's Twice upon a Christmas,Matthew O'Callaghan
pr_mapi,mv_musketeers,8,The Three Musketeers,Margot Pipkin
pr_mast,mv_muppets,8,The Muppets,Martin Starger
pr_mate,mv_elhol,8,Electric Holiday,Matthew Teevan
pr_math,mv_jungle2,8,The Jungle Book 2,Mary Thorne
pr_mawi,mv_tinkerlnb,8,Tinker Bell and the Legend of the NeverBeast,Makul Wigert
pr_megr,mv_doug,8,Doug's 1st Movie,Melanie Grisanti
pr_migp,mv_gigantic,8,Gigantic,Mindy Goldberg
pr_mime,mv_simpsons,8,Simpsons,Michael Mendel
pr_mipr,mv_pigbm,8,Piglet's Big Movie,Michelle Pappalardo-Robinson
pr_mipr,mv_rtneverl,8,Return to Never Land,Michelle Pappalardo-Robinson
pr_nipg,mv_inc2,8,The Incredibles 2,Nicole Paradis Grindle
pr_ossh,mv_moana,8,Moana,Osnat Shurer
pr_paco,mv_mulan,8,Mulan,Pam Coats
pr_page,mv_recess,8,Recess: School's Out,Paul Germain
pr_pebi,mv_ironman,8,Iron Man,Peter Billingsley
pr_pedv,mv_frozen,8,Frozen,Peter Del Vecho
pr_pedv,mv_frozen2,8,Frozen2,Peter Del Vecho
pr_pedv,mv_tpatf,8,The Princess and the Frog,Peter Del Vecho
pr_pedv,mv_treasurepl,8,Treasure Planet,Peter Del Vecho
pr_peho,mv_secotw,8,Secret of the Wings,Peggy Holmes
pr_peho,mv_piratefair,8,The Pirate Fairy,Peggy Holmes
pr_peto,mv_irongiant,8,The Iron Giant,Pete Townshend
pr_phba,mv_emojii,8,As Told by Emojii,Phil Balisciano
pr_rafu,mv_chlit,8,Chicken Little,Randy Fullmer
pr_ragu,mv_toyst,8,Toy Story,Ralph Guggenheim
pr_rime,mv_flubber,8,Flubber,Ricardo Mestres
pr_rime,mv_101dal96,8,One Hundred And One Dalmatians (96),Ricardo Mestres
pr_rocl,mv_alad,8,Aladdin (Film),Ron Clements
pr_rocl,mv_hercules,8,Hercules,Ron Clements
pr_rocl,mv_treasurepl,8,Treasure Planet,Ron Clements
pr_roco,mv_bh6,8,Big Hero 6,Roy Conli
pr_roco,mv_tang,8,Tangled,Roy Conli
pr_roco,mv_treasurepl,8,Treasure Planet,Roy Conli
pr_roedi,mv_fant2,8,Fantasia 2000,Roy E. Disney
pr_rofa,mv_ironman,8,Iron Man,Ross Fanger
pr_roga,mv_donlamp,8,Donald's Lamp Trade,Roberts Gannaway
pr_roga,mv_housemouse,8,Mickey's Magical Christmas / House of Mouse,Roberts Gannaway
pr_romi,mv_blcaul,8,The Black Cauldron,Ron Miller
pr_romi,mv_foxho,8,The Fox and the Hound,Ron Miller
pr_romi,mv_resc,8,The Rescuers,Ron W. Miller
pr_rowa,mv_whofrrr,8,Who Framed Roger Rabbit,Robert Watts
pr_rybu,mv_emojii,8,As Told by Emojii,Ryan Burns
pr_shst,mv_ouach,8,Mickey's Once upon a Christmas,Sherri Stringfellow
pr_stle,mv_ironman,8,Iron Man,Stan Lee
pr_stsp,mv_whofrrr,8,Who Framed Roger Rabbit,Steven Spielberg
pr_stst,mv_whofrrr,8,Who Framed Roger Rabbit,Steve Starkey
pr_stsw,mv_recess,8,Recess: School's Out,Stephen Swofford
pr_tast,mv_alad2,8,Aladdin and the King of Thieves,Tad Stones
pr_tast,mv_jafar,8,The Return of Jafar,Tad Stones
pr_teza,mv_gepetto,8,Gepetto,Ted Zachary
pr_thlwi,mv_toaster,8,The Breave little Toaster,Thomas L. Wilhite
pr_thsch,mv_resc2,8,The Rescuers Down Under,Thomas Schumacher
pr_tibu,mv_frween,8,Frankenweenie,Tim Burton
pr_tibu,mv_jampch,8,James and the giant Peach,Tim Burton
pr_tibu,mv_nbchr,8,Nightmare before Christmas,Tim Burton
pr_tocr,mv_housemouse,8,Mickey's Magical Christmas / House of Mouse,Tony Craig
pr_tocr,mv_stitch,8,Stitch! The Movie,Tony Craig
pr_tosu,mv_recess,8,Recess: School's Out,Toshio Suzuki
pr_vial,mv_ironman,8,Iron Man,Victoria Alonso
pr_wadi,mv_alice,8,Alice in Wonderland,Walt Disney
pr_wadi,mv_bambi,8,Bambi,Walt Disney
pr_wadi,mv_cind,8,Cinderella (1950),Walt Disney
pr_wadi,mv_dumbo,8,Dumbo,Walt Disney
pr_wadi,mv_fant,8,Fantasia,Walt Disney
pr_wadi,mv_funff,8,Fun and Fancy Free,Walt Disney
pr_wadi,mv_lattr,8,Lady and the Tramp,Walt Disney
pr_wadi,mv_mmmus,8,Make mine Music,Walt Disney
pr_wadi,mv_merpop,8,Merry Poppins,Walt Disney
pr_wadi,mv_101dal61,8,One Hundred and One Dalmatians (61),Walt Disney
pr_wadi,mv_ppan,8,Peter Pan,Walt Disney
pr_wadi,mv_pinocchio,8,Pinocchio,Walt Disney
pr_wadi,mv_salam,8,Saludos Amigos,Walt Disney
pr_wadi,mv_tsby,8,Sleeping Beauty,Walt Disney
pr_wadi,mv_snow,8,Snow White and the Seven Dwarfs,Walt Disney
pr_wadi,mv_stbtwl,8,Steamboat Willie,Walt Disney
pr_wadi,mv_ichtoad,8,The Adventures of Ichabod and Mr. Toad,Walt Disney
pr_wadi,mv_jungle,8,The Jungle Book,Walt Disney
pr_wadi,mv_swits,8,The Sword in the Stone,Walt Disney
pr_wadi,mv_thrcab,8,The Three Caballeros,Walt Disney
pr_wadi,mv_tugduck,8,The Ugly Duckling,Walt Disney
pr_wadi,mv_wisehen,8,The Wise Little Hen,Walt Disney
pr_wihi,mv_aristo,8,The Aristocats,Winston Hibler
pr_wire,mv_luxo,8,Luxo Jr.,William Reeves
pr_wivi,mv_wild,8,The Wild,Will Vinton
pr_wore,mv_101dal61,6,One Hundred and One Dalmatians (61),Wolfgang Reitherman
pr_wore,mv_rhood,6,Robin Hood,Wolfgang Reitherman
pr_wore,mv_rhood,8,Robin Hood,Wolfgang Reitherman
pr_wore,mv_tsby,6,Sleeping Beauty,Wolfgang Reitherman
pr_wore,mv_aristo,6,The Aristocats,Wolfgang Reitherman
pr_wore,mv_aristo,8,The Aristocats,Wolfgang Reitherman
pr_wore,mv_foxho,8,The Fox and the Hound,Wolfgang Reitherman
pr_wore,mv_jungle,6,The Jungle Book,Wolfgang Reitherman
pr_wore,mv_mapooh,6,The many Adventures of Winnie the Pooh,Wolfgang Reitherman
pr_wore,mv_mapooh,8,The many Adventures of Winnie the Pooh,Wolfgang Reitherman
pr_wore,mv_resc,6,The Rescuers,Wolfgang Reitherman
pr_wore,mv_resc,8,The Rescuers,Wolfgang Reitherman
pr_wore,mv_swits,6,The Sword in the Stone,Wolfgang Reitherman
pr_zamo,mv_monster,8,The Monster of Phineas-n-Ferbenstein,Zac Moncrief
wr_aaka,mv_moana,7,Moana,Aaron Kandell
wr_aami,mv_pigbm,7,Piglet's Big Movie,A.A. Milne
wr_aami,mv_heffalump,7,Pooh’s Heffalump Movie,A. A. Milne
wr_admo,mv_coco,7,Coco,Adrian Molina
wr_adna,mv_gigantic,7,Gigantic,Adam Nagata
wr_albu,mv_ducktls,7,DuckTales: The Movie – Treasure of the Lost Lamp,Alan Burnett
wr_alju,mv_lands2,7,Lilo & Stitch 2,Alexa Junge
wr_alki,mv_bambi2,7,Bambi II,Alicia Kirk
wr_alma,mv_ouach,7,Mickey's Once upon a Christmas,Alex Mann
wr_alrope,mv_chrrob,7,Christopher Robin,Alex Ross Perry
wr_alrr,mv_wondersdeep,7,Wonders of the Deep,Alonso Ramirez Ramos
wr_alsch,mv_chrrob,7,Christopher Robin,Allison Schroeder
wr_alsch,mv_frozen2,7,Frozen2,Allison Schroeder
wr_alwi,mv_blcaul,7,The Black Cauldron,Al Wilson
wr_anga,mv_liki,7,The Lion King,Andy Gaskill
wr_anle,mv_lands2,7,Lilo & Stitch 2,Anthony Leondis
wr_anma,mv_toystterr,7,Toy Story of Terror,Angus MacLane
wr_anst,mv_abuli,7,A Bug's Life,Andrew Stanton
wr_anst,mv_dory,7,Finding Dory,Andrew Stanton
wr_anst,mv_nemo,7,Finding Nemo,Andrew Stanton
wr_anst,mv_monsters,7,"Monsters, Inc.",Andrew Stanton
wr_anst,mv_toyst,7,Toy Story,Andrew Stanton
wr_anst,mv_toyst2,7,Toy Story 2,Andrew Stanton
wr_anst,mv_toyst3,7,Toy Story 3,Andrew Stanton
wr_anst,mv_toyst4,7,Toy Story 4,Andrew Stanton
wr_arma,mv_ironman,7,Iron Man,Art Marcum
wr_arst,mv_blcaul,7,The Black Cauldron,Art Stevens
wr_asbr,mv_toyst2,7,Toy Story 2,Ash Brannon
wr_auba,mv_pinocchio,7,Pinocchio,Aurelius Battaglia
wr_aure,mv_mtr,7,Meet the Robinsons,Aurion Redson
wr_bajo,mv_liki,7,The Lion King,Barry Johnson
wr_bequ,mv_cars2,7,Cars2,Ben Queen
wr_bequ,mv_cars3,7,Cars3,Ben Queen
wr_bimo,mv_tuach,7,Mickey's Twice upon a Christmas,Bill Motz
wr_bipe,mv_alice,7,Alice in Wonderland,Bill Peet
wr_bipe,mv_cind,7,Cinderella (1950),Bill Peet
wr_bipe,mv_101dal61,7,One Hundred and One Dalmatians (61),Bill Peet
wr_bipe,mv_ppan,7,Peter Pan,Bill Peet
wr_bipe,mv_tsby,7,Sleeping Beauty,Bill Peet
wr_bipe,mv_jungle,7,The Jungle Book,Bill Peet
wr_bipe,mv_swits,7,The Sword in the Stone,Bill Peet
wr_bipe,mv_thrcab,7,The Three Caballeros,Bill Peet
wr_bist,mv_teapet,7,Teacher’s Pet,Bill Steinkellner
wr_biwa,mv_merpop,7,Merry Poppins,Bill Walsh
wr_boga,mv_planefr,7,Planes: Fire & Rescue,Bobs Gannaway
wr_boga,mv_secotw,7,Secret of the Wings,Bobs Gannaway
wr_boga,mv_stitch,7,Stitch! The Movie,Bobs Gannaway
wr_boga,mv_piratefair,7,The Pirate Fairy,Bobs Gannaway
wr_bong,mv_jjatt,7,Jack-Jack-Attack,Bosco Ng
wr_bope,mv_cars3,7,Cars3,Bob Peterson
wr_bope,mv_nemo,7,Finding Nemo,Bob Peterson
wr_bope,mv_tgoodi,7,The Good Dinosaur,Bob Peterson
wr_bope,mv_up,7,Up,Bob Peterson
wr_bosh,mv_abuli,7,A Bug's Life,Bob Shaw
wr_bosh,mv_hercules,7,Hercules,Bob Shaw
wr_botzu,mv_tarzan,7,Tarzan,Bob Tzudiker
wr_brbi,mv_jjatt,7,Jack-Jack-Attack,Brad Bird
wr_brbi,mv_ratatou,7,Ratatouille,Brad Bird
wr_brbi,mv_inc,7,The Incredibles,Brad Bird
wr_brbi,mv_inc2,7,The Incredibles 2,Brad Bird
wr_brbi,mv_irongiant,7,The Iron Giant,Brad Bird
wr_brch,mv_batb,7,Beauty and the Beast,Brenda Chapman
wr_brch,mv_brave,7,Brave,Brenda Chapman
wr_brfe,mv_cars3,7,Cars3,Brian Fee
wr_brho,mv_pigbm,7,Piglet's Big Movie,Brian Hohlfeld
wr_brho,mv_heffalump,7,Pooh’s Heffalump Movie,Brian Hohlfeld
wr_brho,mv_zoo,7,Zootopia,Byron Howard
wr_brjo,mv_brbear,7,Brother Bear,Broose Johnson
wr_brle,mv_cars2,7,Cars2,Brad Lewis
wr_brmo,mv_hercules,7,Hercules,Bruce M. Morris
wr_brmo,mv_poca,7,Pocahontas,Bruce Morris
wr_brmo,mv_tgmouse,7,The Great Mouse Detective,Bruce Morris
wr_brpi,mv_goofy,7,A Goofy Movie,Brian Pimental
wr_brpi,mv_alad,7,Aladdin (Film),Brian Pimental
wr_brpi,mv_batb,7,Beauty and the Beast,Brian Pimental
wr_brwo,mv_batb,7,Beauty and the Beast,Bruce Woodside
wr_buma,mv_alad,7,Aladdin (Film),Burny Mattinson
wr_buma,mv_batb,7,Beauty and the Beast,Burny Mattinson
wr_buma,mv_poca,7,Pocahontas,Burny Mattinson
wr_buma,mv_foxho,7,The Fox and the Hound,Burny Mattinson
wr_buma,mv_tgmouse,7,The Great Mouse Detective,Burny Mattinson
wr_buma,mv_liki,7,The Lion King,Burny Mattinson
wr_buma,mv_resc,7,The Rescuers,Burny Mattinson
wr_bysi,mv_resc2,7,The Rescuers Down Under,Byron Simpson
wr_cabi,mv_poca,7,Pocahontas,Carl Binder
wr_caco,mv_gepetto,7,Gepetto,Carlo Collodi
wr_cacr,mv_ouach,7,Mickey's Once upon a Christmas,Carter Crocker
wr_cafa,mv_bambi,7,Bambi,Carl Fallberg
wr_caho,mv_tuach,7,Mickey's Twice upon a Christmas,Carole Holliday
wr_capa,mv_mmmus,7,Make mine Music,Cap Palmer
wr_cath,mv_nbchr,7,Nightmare before Christmas,Caroline Thompson
wr_chba,mv_olicomp,7,Oliver and Company,Chris Bailey
wr_chbu,mv_frozen,7,Frozen,Chris Buck
wr_chbu,mv_poca,7,Pocahontas,Chris Buck
wr_chco,mv_bambi,7,Bambi,Chuck Couch
wr_chco,mv_ouach,7,Mickey's Once upon a Christmas,Charlie Cohen
wr_chcr,mv_tuach,7,Mickey's Twice upon a Christmas,Chad Fiveash
wr_chma,mv_goofy,7,A Goofy Movie,Chris Matheson
wr_chmachjo,mv_looney,7,Looney Tunes,"Charles Martin ""Chuck"" Jones"
wr_chsa,mv_alad,7,Aladdin (Film),Chris Sanders
wr_chsa,mv_batb,7,Beauty and the Beast,Chris Sanders
wr_chsa,mv_lands,7,Lilo & Stitch,Chris Sanders
wr_chsa,mv_mulan,7,Mulan,Chris Sanders
wr_chsa,mv_liki,7,The Lion King,Chris Sanders
wr_chst,mv_teapet,7,Teacher’s Pet,Cheri Steinkellner
wr_chwi,mv_bolt,7,Bolt,Chris Williams
wr_chwi,mv_moana,7,Moana,Chris Williams
wr_crge,mv_sofia,7,Sofia the First,Craig Gerber
wr_crge,mv_piratefair,7,The Pirate Fairy,Craig Gerber
wr_daba,mv_wondersdeep,7,Wonders of the Deep,Darrick Bachman
wr_dafo,mv_bolt,7,Bolt,Dan Fogelman
wr_dafo,mv_cars,7,Cars,Dan Fogelman
wr_dafo,mv_cars2,7,Cars2,Dan Fogelman
wr_dafo,mv_tang,7,Tangled,Dan Fogelman
wr_dage,mv_bh6,7,Big Hero 6,Dan Gerson
wr_dage,mv_monstersuni,7,Monsters University,Dan Gerson
wr_dage,mv_monsters,7,"Monsters, Inc.",Dan Gerson
wr_daho,mv_brbear,7,Brother Bear,David Hoselton
wr_daji,mv_alad,7,Aladdin (Film),Daan Jippes
wr_dajo,mv_blcaul,7,The Black Cauldron,David Jonas
wr_dale,mv_turbo,7,Turbo,Darren Lemke
wr_damev,mv_musketeers,7,The Three Musketeers,David M. Evans
wr_dami,mv_olicomp,7,Oliver and Company,Dave Michener
wr_dami,mv_foxho,7,The Fox and the Hound,David Michener
wr_dami,mv_tgmouse,7,The Great Mouse Detective,Dave Michener
wr_dami,mv_resc,7,The Rescuers,David Michener
wr_dare,mv_nemo,7,Finding Nemo,David Reynolds
wr_daro,mv_alad,7,Aladdin (Film),Darrell Rooney
wr_dasc,mv_monstersuni,7,Monsters University,Dan Scanlon
wr_daso,mv_turbo,7,Turbo,David Soren
wr_dass,mv_alad,7,Aladdin (Film),David S. Smith
wr_dast,mv_gepetto,7,Gepetto,David I. Stern
wr_dawa,mv_wondersdeep,7,Wonders of the Deep,Dave Wasson
wr_deco,mv_alice,7,Alice in Wonderland,Del Connell
wr_deco,mv_thrcab,7,The Three Caballeros,Del Connell
wr_dihu,mv_alice,7,Alice in Wonderland,Dick Huemer
wr_dihu,mv_dumbo,7,Dumbo,Dick Huemer
wr_dihu,mv_fant,7,Fantasia,Dick Huemer
wr_dihu,mv_mmmus,7,Make mine Music,Dick Huemer
wr_dike,mv_alice,7,Alice in Wonderland,Dick Kelsey
wr_dike,mv_mmmus,7,Make mine Music,Dick Kelsey
wr_diki,mv_mmmus,7,Make mine Music,Dick Kinney
wr_diri,mv_snow,7,Snow White and the Seven Dwarfs,Dick Rickard
wr_dise,mv_resc,7,The Rescuers,Dick Sebast
wr_dish,mv_mmmus,7,Make mine Music,Dick Shaw
wr_dobl,mv_snow,7,Snow White and the Seven Dwarfs,Dorothy Ann Blank
wr_doda,mv_lattr,7,Lady and the Tramp,Don DaGradi
wr_doda,mv_merpop,7,Merry Poppins,Don DaGradi
wr_dodo,mv_hercules,7,Hercules,Don Dougherty
wr_doha,mv_mtr,7,Meet the Robinsons,Don Hall
wr_doha,mv_moana,7,Moana,Don Hall
wr_domc,mv_abuli,7,A Bug's Life,Donald McEnery
wr_domc,mv_hercules,7,Hercules,Donald McEnery
wr_duma,mv_poca,7,Pocahontas,Duncan Marjoribanks
wr_eahu,mv_snow,7,Snow White and the Seven Dwarfs,Earl Hurd
wr_eakr,mv_foxho,7,The Fox and the Hound,Earl Kress
wr_edde,mv_wild,7,The Wild,Ed Decter
wr_edgo,mv_poca,7,Pocahontas,Ed Gombert
wr_edgo,mv_liki,7,The Lion King,Ed Gombert
wr_edgu,mv_lands2,7,Lilo & Stitch 2,Eddie Guzelian
wr_edgu,mv_ouach,7,Mickey's Once upon a Christmas,Eddie Guzelian
wr_edgu,mv_tlmm2,7,The little Mermaid II,Eddie Guzelian
wr_edgu,mv_tiggermv,7,The Tigger Movie,Eddie Guzelian
wr_elan,mv_tlmm2,7,The little Mermaid II,Elizabeth Anderson
wr_elde,mv_funff,7,Fun and Fancy Free,Eldon Dedini
wr_eldha,mv_tlmm2,7,The little Mermaid II,Elise D'Haene
wr_elpl,mv_thrcab,7,The Three Caballeros,Elmer Plummer
wr_erbe,mv_tgoodi,7,The Good Dinosaur,Erik Benson
wr_ercl,mv_aristo,7,The Aristocats,Eric Cleworth
wr_ercl,mv_mapooh,7,The many Adventures of Winnie the Pooh,Eric Cleworth
wr_ergr,mv_mmmus,7,Make mine Music,Erwin Graham
wr_ergu,mv_mmmus,7,Make mine Music,Eric Gurney
wr_erpe,mv_alice,7,Alice in Wonderland,Erdman Penner
wr_erpe,mv_cind,7,Cinderella (1950),Erdman Penner
wr_erpe,mv_lattr,7,Lady and the Tramp,Erdman Penner
wr_erpe,mv_mmmus,7,Make mine Music,Erdman Penner
wr_erpe,mv_ppan,7,Peter Pan,Erdman Penner
wr_erpe,mv_pinocchio,7,Pinocchio,Erdman Penner
wr_erpe,mv_tsby,7,Sleeping Beauty,Erdman Penner
wr_erpe,mv_ichtoad,7,The Adventures of Ichabod and Mr. Toad,Erdman Penner
wr_erte,mv_thrcab,7,The Three Caballeros,Ernest Terrazas
wr_eubosi,mv_mulan,7,Mulan,Eugenia Bostwick-Singer
wr_evsp,mv_heffalump,7,Pooh’s Heffalump Movie,Evan Spiliotopoulos
wr_evsp,mv_jungle2,7,The Jungle Book 2,Evan Spiliotopoulos
wr_evsp,mv_musketeers,7,The Three Musketeers,Evan Spiliotopoulos
wr_eypo,mv_cars3,7,Cars3,Eyal Podell
wr_flno,mv_jungle,7,The Jungle Book,Floyd Norman
wr_frbeteav,mv_looney,7,Looney Tunes,"Frederick Bean ""Tex"" Avery"
wr_frgl,mv_alad,7,Aladdin (Film),Francis Glebas
wr_frgl,mv_hercules,7,Hercules,Francis Glebas
wr_frgl,mv_poca,7,Pocahontas,Francis Glebas
wr_frgl,mv_liki,7,The Lion King,Francis Glebas
wr_frlu,mv_resc,7,The Rescuers,Fred Lucky
wr_frth,mv_aristo,7,The Aristocats,Frank Thomas
wr_frth,mv_resc,7,The Rescuers,Frank Thomas
wr_gatr,mv_olicomp,7,Oliver and Company,Gary Trousdale
wr_gatr,mv_liki,7,The Lion King,Gary Trousdale
wr_gelu,mv_indy,7,Raider of the Lost Ark,George Lucas
wr_gelu,mv_starwars,7,Star Wars,George Lucas
wr_glke,mv_poca,7,Pocahontas,Glen Keane
wr_grbr,mv_chrrob,7,Christopher Robin,Greg Brooker
wr_grer,mv_tpatf,7,The Princess and the Frog,Greg Erb
wr_guri,mv_alad19,7,Aladdin (2019),Guy Ritchie
wr_haan,mv_tugduck,7,The Ugly Duckling,Hans Christian Andersen
wr_haos,mv_ironman,7,Iron Man,Hawk Ostby
wr_hare,mv_cind,7,Cinderella (1950),Harry Reeves
wr_hare,mv_funff,7,Fun and Fancy Free,Harry Reeves
wr_hare,mv_mmmus,7,Make mine Music,Harry Reeves
wr_hare,mv_salam,7,Saludos Amigos,Harold Reeves
wr_hare,mv_ichtoad,7,The Adventures of Ichabod and Mr. Toad,Harry Reeves
wr_hobr,mv_cind,7,Cinderella (1950),Homer Brightman
wr_hobr,mv_funff,7,Fun and Fancy Free,Homer Brightman
wr_hobr,mv_mmmus,7,Make mine Music,Homer Brightman
wr_hobr,mv_salam,7,Saludos Amigos,Homer Brightman
wr_hobr,mv_ichtoad,7,The Adventures of Ichabod and Mr. Toad,Homer Brightman
wr_hobr,mv_thrcab,7,The Three Caballeros,Homer Brightmen
wr_irme,mv_brave,7,Brave,Irene Mecchi
wr_irme,mv_hercules,7,Hercules,Irene Mecchi
wr_jabo,mv_mmmus,7,Make mine Music,James Bordrero
wr_jabo,mv_thrcab,7,The Three Caballeros,James Bodrero
wr_jabu,mv_moana,7,Moana,Jared Bush
wr_jabu,mv_muppets,7,The Muppets,Jack Burns
wr_jabu,mv_zoo,7,Zootopia,Jared Bush
wr_jafu,mv_alad,7,Aladdin (Film),James Fujii
wr_jagu,mv_guards,7,Guardians of the Galaxy,James Gunn
wr_jaka,mv_coco,7,Coco,Jason Katz
wr_jama,mv_olicomp,7,Oliver and Company,James Mangold
wr_jamo,mv_emojii,7,As Told by Emojii,Jake Monaco
wr_jaor,mv_tpatf,7,The Princess and the Frog,Jason Oremland
wr_japast,mv_tuach,7,Mickey's Twice upon a Christmas,James Patrick Stoteraux
wr_japi,mv_ratatou,7,Ratatouille,Jan Pinkava
wr_jeho,mv_planes,7,Planes,Jeffrey M. Howard
wr_jeho,mv_planefr,7,Planes: Fire & Rescue,Jeffrey M. Howard
wr_jeho,mv_piratefair,7,The Pirate Fairy,Jeffrey M. Howard
wr_jeju,mv_muppets,7,The Muppets,Jerry Juhl
wr_jele,mv_frozen,7,Frozen,Jennifer Lee
wr_jele,mv_frozen2,7,Frozen2,Jennifer Lee
wr_jele,mv_wir,7,Wreck it Ralph,Jennifer Lee
wr_jele,mv_zoo,7,Zootopia,Jennifer Lee
wr_jema,mv_mmmus,7,Make mine Music,Jesse Marsh
wr_jepi,mv_monsters,7,"Monsters, Inc.",Jeff Pidgeon
wr_jepi,mv_friendrat,7,Your friend the Rat,Jeff Pidgeon
wr_jepr,mv_whofrrr,7,Who Framed Roger Rabbit,Jeffrey Price
wr_jesn,mv_hercules,7,Hercules,Jeff Snow
wr_jewi,mv_stitch,7,Stitch! The Movie,Jess Winfield
wr_jica,mv_ratatou,7,Ratatouille,Jim Capobianco
wr_jica,mv_liki,7,The Lion King,Jim Capobianco
wr_jica,mv_friendrat,7,Your friend the Rat,Jim Capobianco
wr_jico,mv_olicomp,7,Oliver and Company,Jim Cox
wr_jico,mv_resc2,7,The Rescuers Down Under,Jim Cox
wr_jicu,mv_monsters,7,"Monsters, Inc.",Jill Culton
wr_jiji,mv_doug,7,Doug's 1st Movie,Jim Jinkins
wr_jimi,mv_olicomp,7,Oliver and Company,Jim Mitchell
wr_jipe,mv_tuach,7,Mickey's Twice upon a Christmas,Jim Peronto
wr_jire,mv_ralphbrk,7,Ralph Breaks the Internet,Jim Reardon
wr_jire,mv_wir,7,Wreck it Ralph,Jim Reardon
wr_jire,mv_zoo,7,Zootopia,Jim Reardon
wr_jjab,mv_ironman,7,Iron Man,J.J. Abrams
wr_jmba,mv_rtneverl,7,Return to Never Land,J. M. Barrie
wr_jmba,mv_piratefair,7,The Pirate Fairy,J. M. Barrie
wr_joan,mv_recess,7,Recess: School's Out,Joe Ansolabehere
wr_joau,mv_alad19,7,Aladdin (2019),John August
wr_joau,mv_frween,7,Frankenweenie,John August
wr_joau,mv_ironman,7,Iron Man,John August
wr_jobe,mv_mtr,7,Meet the Robinsons,Jon A. Bernstein
wr_joco,mv_toyst4,7,Toy Story 4,Josh Cooley
wr_jocoba,mv_monster,7,The Monster of Phineas-n-Ferbenstein,Jon Colton Barry
wr_jofu,mv_hidalgo,7,Hidalgo,John Fusco
wr_jogr,mv_alice,7,Alice in Wonderland,Joe Grant
wr_jogr,mv_dumbo,7,Dumbo,Joe Grant
wr_jogr,mv_fant,7,Fantasia,Joe Grant
wr_jogr,mv_lattr,7,Lady and the Tramp,Joe Grant
wr_jogr,mv_poca,7,Pocahontas,Joe Grant
wr_jogr,mv_recess,7,Recess: School's Out,Jonathan Greenberg
wr_jogr,mv_salam,7,Saludos Amigos,Joe Grant
wr_joha,mv_blcaul,7,The Black Cauldron,Joe Hale
wr_johu,mv_flubber,7,Flubber,John Hughes
wr_jojst,mv_wild,7,The Wild,John J. Strauss
wr_joka,mv_paperman,7,Paperman,John Kahrs
wr_jokan,mv_moana,7,Moana,Jordan Kandell
wr_jokl,mv_cars,7,Cars,Jorgen Klubien
wr_jokl,mv_liki,7,The Lion King,Jorgen Klubien
wr_jola,mv_abuli,7,A Bug's Life,John Lasseter
wr_jola,mv_cars,7,Cars,John Lasseter
wr_jola,mv_cars2,7,Cars2,John Lasseter
wr_jola,mv_luxo,7,Luxo Jr.,John Lasseter
wr_jola,mv_planes,7,Planes,John Lasseter
wr_jola,mv_redsdr,7,Red's Dream,John Lasseter
wr_jola,mv_piratefair,7,The Pirate Fairy,John Lasseter
wr_jola,mv_toyst,7,Toy Story,John Lasseter
wr_jola,mv_toyst2,7,Toy Story 2,John Lasseter
wr_jola,mv_toyst3,7,Toy Story 3,John Lasseter
wr_jola,mv_toyst4,7,Toy Story 4,John Lasseter
wr_joma,mv_mtr,7,Meet the Robinsons,Joe Mateo
wr_jomu,mv_alad,7,Aladdin (Film),John Musker
wr_jomu,mv_hercules,7,Hercules,John Musker
wr_jomu,mv_tgmouse,7,The Great Mouse Detective,John Musker
wr_jomu,mv_tlmm,7,The Little Mermaid,John Musker
wr_jomu,mv_tpatf,7,The Princess and the Frog,John Musker
wr_jomu,mv_treasurepl,7,Treasure Planet,John Musker
wr_jono,mv_brbear,7,Brother Bear,John Norton
wr_jopu,mv_brbear,7,Brother Bear,John Puglisi
wr_jora,mv_abuli,7,A Bug's Life,Joe Ranft
wr_jora,mv_batb,7,Beauty and the Beast,Joe Ranft
wr_jora,mv_cars,7,Cars,Joe Ranft
wr_jora,mv_hercules,7,Hercules,John Ramirez
wr_jora,mv_olicomp,7,Oliver and Company,Joe Ranft
wr_jora,mv_liki,7,The Lion King,Joe Ranft
wr_jora,mv_resc2,7,The Rescuers Down Under,Joe Ranft
wr_jora,mv_toyst,7,Toy Story,Joe Ranft
wr_jori,mv_alice,7,Alice in Wonderland,Joe Rinaldi
wr_jori,mv_cind,7,Cinderella (1950),Joe Rinaldi
wr_jori,mv_lattr,7,Lady and the Tramp,Joe Rinaldi
wr_jori,mv_ppan,7,Peter Pan,Joe Rinaldi
wr_jori,mv_tsby,7,Sleeping Beauty,Joe Rinaldi
wr_jori,mv_ichtoad,7,The Adventures of Ichabod and Mr. Toad,Joe Rinaldi
wr_joro,mv_bh6,7,Big Hero 6,Jordan Roberts
wr_joro,mv_jampch,7,James and the giant Peach,Jonathan Roberts
wr_josa,mv_hotr,7,Home on the Range,John Sanford
wr_josa,mv_pinocchio,7,Pinocchio,Joseph Sabo
wr_jost,mv_cars3,7,Cars3,Jonathon E. Stewart
wr_jotr,mv_ralphbrk,7,Ralph Breaks the Internet,Josie Trinidad
wr_jotr,mv_zoo,7,Zootopia,Josie Trinidad
wr_jowa,mv_alice,7,Alice in Wonderland,John Walbridge
wr_jowa,mv_mmmus,7,Make mine Music,John Walbridge
wr_jowh,mv_avengers,7,Marvel - The Avengers,Joss Whedon
wr_jufa,mv_tiggermv,7,The Tigger Movie,Jun Falkenstein
wr_jusv,mv_aristo,7,The Aristocats,Julius Svendsen
wr_jusv,mv_mapooh,7,The many Adventures of Winnie the Pooh,Julius Svendsen
wr_jyma,mv_goofy,7,A Goofy Movie,Jymn Magon
wr_jyma,mv_ducktls,7,DuckTales: The Movie – Treasure of the Lost Lamp,Jymn Magon
wr_kage,mv_jungle2,7,The Jungle Book 2,Karl Geurs
wr_kaka,mv_hercules,7,Hercules,Kaan Kalyon
wr_kaka,mv_poca,7,Pocahontas,Kaan Kalyon
wr_kaki,mv_jampch,7,James and the giant Peach,Karey Kirkpatrick
wr_kaki,mv_resc2,7,The Rescuers Down Under,Karey Kirkpatrick
wr_kako,mv_tinkerlnb,7,Tinker Bell and the Legend of the NeverBeast,Kate Kondell
wr_kean,mv_cind,7,Cinderella (1950),Ken Anderson
wr_kean,mv_rhood,7,Robin Hood,Ken Anderson
wr_kean,mv_aristo,7,The Aristocats,Ken Anderson
wr_kean,mv_jungle,7,The Jungle Book,Ken Anderson
wr_kean,mv_mapooh,7,The many Adventures of Winnie the Pooh,Ken Anderson
wr_kean,mv_resc,7,The Rescuers,Ken Anderson
wr_keas,mv_batb,7,Beauty and the Beast,Kelly Asbury
wr_kede,mv_brbear,7,Brother Bear,Kevin Deters
wr_keha,mv_alad,7,Aladdin (Film),Kevin Harkey
wr_keha,mv_batb,7,Beauty and the Beast,Kevin Harkey
wr_keha,mv_brbear,7,Brother Bear,Kevin Harkey
wr_keha,mv_liki,7,The Lion King,Kevin Harkey
wr_keli,mv_alad,7,Aladdin (Film),Kevin Lima
wr_keli,mv_olicomp,7,Oliver and Company,Kevin Lima
wr_kema,mv_tgoodi,7,The Good Dinosaur,Kelsey Mann
wr_kesc,mv_doug,7,Doug's 1st Movie,Ken Scarborough
wr_kewi,mv_hercules,7,Hercules,Kelly Wightman
wr_kiha,mv_alad,7,Aladdin (Film),Kirk Hanson
wr_kiha,mv_hercules,7,Hercules,Kirk Hanson
wr_kimu,mv_cars,7,Cars,Kiel Murray
wr_kimu,mv_cars3,7,Cars3,Kiel Murray
wr_kiwi,mv_olicomp,7,Oliver and Company,Kirk Wise
wr_klha,mv_planes,7,Planes,Klay Hall
wr_lacl,mv_rhood,7,Robin Hood,Larry Clemmons
wr_lacl,mv_aristo,7,The Aristocats,Larry Clemmons
wr_lacl,mv_foxho,7,The Fox and the Hound,Larry Clemmons
wr_lacl,mv_jungle,7,The Jungle Book,Larry Clemmons
wr_lacl,mv_mapooh,7,The many Adventures of Winnie the Pooh,Larry Clemmons
wr_lacl,mv_resc,7,The Rescuers,Larry Clemmons
wr_laka,mv_indy,7,Raider of the Lost Ark,Lawrence Kasdan
wr_lale,mv_alad,7,Aladdin (Film),Larry Leker
wr_lale,mv_liki,7,The Lion King,Larry Leker
wr_lamo,mv_bambi,7,Bambi,Larry Morey
wr_lano,mv_funff,7,Fun and Fancy Free,Lance Nolley
wr_lejo,mv_olicomp,7,Oliver and Company,Leon Joosen
wr_leun,mv_coco,7,Coco,Lee Unkrich
wr_leun,mv_toyst3,7,Toy Story 3,Lee Unkrich
wr_liwo,mv_batb,7,Beauty and the Beast,Linda Woolverton
wr_loca,mv_brbear,7,Brother Bear,Lorne Cameron
wr_loco,mv_liki,7,The Lion King,Lorna Cook
wr_loco,mv_piratefair,7,The Pirate Fairy,Lorna Cook
wr_maal,mv_coco,7,Coco,Matthew Aldrich
wr_maand,mv_brave,7,Brave,Mark Andrews
wr_maand,mv_jjatt,7,Jack-Jack-Attack,Mark Andrews
wr_maas,mv_gigantic,7,Gigantic,Matt Aselton
wr_maco,mv_alad2,7,Aladdin and the King of Thieves,Mark McCorkle
wr_maco,mv_jafar,7,The Return of Jafar,Mark McCorkle
wr_maco,mv_tinkerlnb,7,Tinker Bell and the Legend of the NeverBeast,Mark McCorkle
wr_madi,mv_chlit,7,Chicken Little,Mark Dindal
wr_mafe,mv_ironman,7,Iron Man,Mark Fergus
wr_magi,mv_wild,7,The Wild,Mark Gibson
wr_magr,mv_simpsons,7,Simpsons,Matt Groening
wr_maho,mv_ironman,7,Iron Man,Matt Holloway
wr_mahy,mv_toyst4,7,Toy Story 4,Martin Hynes
wr_maja,mv_emojii,7,As Told by Emojii,Matthew Janszen
wr_maka,mv_liki,7,The Lion King,Mark Kausler
wr_make,mv_chlit,7,Chicken Little,Mark Kennedy
wr_make,mv_hercules,7,Hercules,Mark Kennedy
wr_make,mv_hotr,7,Home on the Range,Mark Kennedy
wr_malo,mv_bedtime,7,Bedtime Stories,Matt Lopez
wr_maoca,mv_tuach,7,Mickey's Twice upon a Christmas,Matthew O'Callaghan
wr_maoca,mv_tgmouse,7,The Great Mouse Detective,Matthew O'Callaghan
wr_maol,mv_monster,7,The Monster of Phineas-n-Ferbenstein,Martin Olson
wr_mape,mv_cbears,7,The Country Bears,Mark Perez
wr_mara,mv_cind,7,Cinderella (1950),Maurice Rapf
wr_mastjo,mv_chrrob,7,Christopher Robin,Mark Steven Johnson
wr_mefa,mv_tgoodi,7,The Good Dinosaur,Meg LeFauve
wr_mefa,mv_tgoodi,7,The Good Dinosaur,Meg LeFauve
wr_mema,mv_snow,7,Snow White and the Seven Dwarfs,Merrill De Maris
wr_mesh,mv_bambi,7,Bambi,Melvin Shaw
wr_mesh,mv_tgmouse,7,The Great Mouse Detective,Mel Shaw
wr_miba,mv_alice,7,Alice in Wonderland,Milt Banta
wr_miba,mv_ppan,7,Peter Pan,Milt Banta
wr_miba,mv_tsby,7,Sleeping Beauty,Milt Banta
wr_mice,mv_olicomp,7,Oliver and Company,Michael Cedeno
wr_midi,mv_monster,7,The Monster of Phineas-n-Ferbenstein,Michael Diederich
wr_mido,mv_nbchr,7,Nightmare before Christmas,Michael McDowell
wr_miga,mv_olicomp,7,Oliver and Company,Mike Gabriel
wr_migi,mv_elhol,7,Electric Holiday,Michael Giacchino
wr_mila,mv_hotr,7,Home on the Range,Micheal LaBash
wr_mila,mv_lands2,7,Lilo & Stitch 2,Michael LaBash
wr_miri,mv_cars3,7,Cars3,Mike Rich
wr_misp,mv_mtr,7,Meet the Robinsons,Michelle Spritz
wr_nagr,mv_mtr,7,Meet the Robinsons,Nathan Greno
wr_nipe,mv_guards,7,Guardians of the Galaxy,Nicole Perlman
wr_nowh,mv_tarzan,7,Tarzan,Noni White
wr_oten,mv_dumbo,7,Dumbo,Otto Englander
wr_oten,mv_pinocchio,7,Pinocchio,Otto Englander
wr_oten,mv_snow,7,Snow White and the Seven Dwarfs,Otto Englander
wr_page,mv_recess,7,Recess: School's Out,Paul Germain
wr_pari,mv_moana,7,Moana,Pamela Ribon
wr_pari,mv_ralphbrk,7,Ralph Breaks the Internet,Pamela Ribon
wr_paru,mv_wondersdeep,7,Wonders of the Deep,Paul Rudish
wr_pave,mv_alad,7,Aladdin (Film),Patrick A. Ventura
wr_pedo,mv_inout,7,Inside Out,Pete Docter
wr_pedo,mv_monsters,7,"Monsters, Inc.",Pete Docter
wr_pedo,mv_toyst,7,Toy Story,Pete Docter
wr_pedo,mv_toyst2,7,Toy Story 2,Pete Docter﻿
wr_pedo,mv_up,7,Up,Pete Docter
wr_peho,mv_tuach,7,Mickey's Twice upon a Christmas,Peggy Holmes
wr_peho,mv_secotw,7,Secret of the Wings,Peggy Holmes
wr_peho,mv_piratefair,7,The Pirate Fairy,Peggy Holmes
wr_pepe,mv_bambi,7,Bambi,Perce Pearce
wr_pepe,mv_cind,7,Cinderella (1950),Perce Pearce
wr_peso,mv_tgoodi,7,The Good Dinosaur,Peter Sohn
wr_pess,mv_whofrrr,7,Who Framed Roger Rabbit,Peter S. Seaman
wr_peyo,mv_olicomp,7,Oliver and Company,Pete Young
wr_peyo,mv_blcaul,7,The Black Cauldron,Peter Young
wr_peyo,mv_foxho,7,The Fox and the Hound,Peter Young
wr_peyo,mv_tgmouse,7,The Great Mouse Detective,Pete Young
wr_phha,mv_wild,7,The Wild,Philip Halprin
wr_phjo,mv_ralphbrk,7,Ralph Breaks the Internet,Phil Johnston
wr_phjo,mv_wir,7,Wreck it Ralph,Phil Johnston
wr_phjo,mv_wir,7,Wreck it Ralph,Phil Johnston
wr_phjo,mv_zoo,7,Zootopia,Phil Johnston
wr_phka,mv_indy,7,Raider of the Lost Ark,Philip Kaufman
wr_phla,mv_mulan,7,Mulan,Philip LaZebnik
wr_phla,mv_poca,7,Pocahontas,Philip LaZebnik
wr_phlo,mv_cars,7,Cars,Phil Lorin
wr_raca,mv_hercules,7,Hercules,Randy Cartwright
wr_raeg,mv_monsters,7,"Monsters, Inc.",Ralph Eggleston
wr_rajo,mv_toyst4,7,Toy Story 4,Rashida Jones
wr_rasi,mv_mulan,7,Mulan,Raymond Singer
wr_rawr,mv_bambi,7,Bambi,Ralph Wright
wr_rawr,mv_lattr,7,Lady and the Tramp,Ralph Wright
wr_rawr,mv_ppan,7,Peter Pan,Ralph Wright
wr_rawr,mv_salam,7,Saludos Amigos,Ralph Wright
wr_rawr,mv_tsby,7,Sleeping Beauty,Ralph Wright
wr_rawr,mv_aristo,7,The Aristocats,Ralph Wright
wr_rawr,mv_jungle,7,The Jungle Book,Ralph Wright
wr_rawr,mv_mapooh,7,The many Adventures of Winnie the Pooh,Ralph Wright
wr_rawr,mv_thrcab,7,The Three Caballeros,Ralph Wright
wr_razo,mv_poca,7,Pocahontas,Ralph Zondag
wr_rere,mv_alad,7,Aladdin (Film),Rebecca Rees
wr_ricr,mv_ouach,7,Mickey's Once upon a Christmas,Richard Cray
wr_ricr,mv_snow,7,Snow White and the Seven Dwarfs,Richard Creedon
wr_rihs,mv_mulan,7,Mulan,Rita Hsiao
wr_rihu,mv_salam,7,Saludos Amigos,Richard Huemer
wr_rima,mv_liki,7,The Lion King,Rick Maki
wr_rimo,mv_ralphbrk,7,Ralph Breaks the Internet,Rich Moore
wr_rimo,mv_wir,7,Wreck it Ralph,Rich Moore
wr_rimo,mv_zoo,7,Zootopia,Rich Moore
wr_riri,mv_blcaul,7,The Black Cauldron,Richard Rich
wr_roal,mv_alad,7,Aladdin (Film),Roger Allers
wr_roal,mv_batb,7,Beauty and the Beast,Roger Allers
wr_roal,mv_olicomp,7,Oliver and Company,Roger Allers
wr_roan,mv_chlit,7,Chicken Little,Ron Anderson
wr_roba,mv_bh6,7,Big Hero 6,Robert L. Baird
wr_roba,mv_monstersuni,7,Monsters University,Robert L. Baird
wr_roca,mv_inout,7,Inside Out,Ronnie del Carmen
wr_rocl,mv_alad,7,Aladdin (Film),Ron Clements
wr_rocl,mv_hercules,7,Hercules,Ron Clements
wr_rocl,mv_tgmouse,7,The Great Mouse Detective,Ron Clements
wr_rocl,mv_tlmm,7,The Little Mermaid,Ron Clements
wr_rocl,mv_tpatf,7,The Princess and the Frog,Ron Clements
wr_rocl,mv_treasurepl,7,Treasure Planet,Ron Clements
wr_roda,mv_jampch,7,James and the giant Peach,Roald Dahl
wr_rodsaso,mv_mulan,7,Mulan,Robert D. San Souci
wr_roed,mv_tpatf,7,The Princess and the Frog,Rob Edwards
wr_roed,mv_treasurepl,7,Treasure Planet,Rob Edwards
wr_rofr,mv_brbear,7,Brother Bear,Ron J. Friedman
wr_rofr,mv_chlit,7,Chicken Little,Ron J. Friedman
wr_roga,mv_donlamp,7,Donald's Lamp Trade,Roberts Gannaway
wr_rogi,mv_jjatt,7,Jack-Jack-Attack,Rob Gibbs
wr_rogi,mv_poca,7,Pocahontas,Robert Gibbs
wr_role,mv_batb,7,Beauty and the Beast,Robert Lence
wr_role,mv_hotr,7,Home on the Range,Robert Lence
wr_romo,mv_blcaul,7,The Black Cauldron,Roy Morita
wr_rosch,mv_alad2,7,Aladdin and the King of Thieves,Robert Schooley
wr_rosch,mv_jafar,7,The Return of Jafar,Robert Schooley
wr_rosch,mv_tinkerlnb,7,Tinker Bell and the Legend of the NeverBeast,Robert Schooley
wr_rosi,mv_turbo,7,Turbo,Robert Siegel
wr_rowi,mv_mmmus,7,Make mine Music,Roy Williams
wr_rowi,mv_salam,7,Saludos Amigos,Roy Williams
wr_rowi,mv_thrcab,7,The Three Caballeros,Roy Williams
wr_ryro,mv_secotw,7,Secret of the Wings,Ryan Rowe
wr_sale,mv_hotr,7,Home on the Range,Sam Levine
wr_scgo,mv_ouach,7,Mickey's Once upon a Christmas,Scott Gorden
wr_shmo,mv_frozen,7,Frozen,Shane Morris
wr_sile,mv_funff,7,Fun and Fancy Free,Sinclair Lewis
wr_stan,mv_mtr,7,Meet the Robinsons,Stephen Anderson
wr_stbe,mv_brbear,7,Brother Bear,Steve Bencich
wr_stbe,mv_chlit,7,Chicken Little,Steve Bencich
wr_stbl,mv_jampch,7,James and the giant Peach,Steven Bloom
wr_stfo,mv_toyst4,7,Toy Story 4,Stephany Folsom
wr_sthu,mv_foxho,7,The Fox and the Hound,Steve Hulett
wr_sthu,mv_tgmouse,7,The Great Mouse Detective,Steve Hulett
wr_stlo,mv_tinkerlnb,7,Tinker Bell and the Legend of the NeverBeast,Steve Loter
wr_stpu,mv_brave,7,Brave,Steve Purcell
wr_stpu,mv_toysttf,7,Toy Story That Time Forgot,Steve Purcell
wr_stwe,mv_brbear,7,Brother Bear,Stevie Wermers-Skelton
wr_sugr,mv_poca,7,Pocahontas,Susannah Grant
wr_suni,mv_alad,7,Aladdin (Film),Sue Nicholas
wr_syho,mv_mmmus,7,Make mine Music,Sylvia Holland
wr_tamu,mv_brbear,7,Brother Bear,Tab Murphy
wr_tamu,mv_tarzan,7,Tarzan,Tab Murphy
wr_tamu,mv_hbnd,7,The Hunchback of Notre Dame,Tab Murphy
wr_tast,mv_jafar,7,The Return of Jafar,Tad Stones
wr_tebe,mv_blcaul,7,The Black Cauldron,Ted Berman
wr_tebe,mv_foxho,7,The Fox and the Hound,Ted Berman
wr_tebe,mv_mapooh,7,The many Adventures of Winnie the Pooh,Ted Berman
wr_tebe,mv_resc,7,The Rescuers,Ted Berman
wr_teel,mv_alad,7,Aladdin (Film),Ted Elliott
wr_teel,mv_treasurepl,7,Treasure Planet,Ted Elliott
wr_tehu,mv_ironman,7,Iron Man,Ted Hughes
wr_tehu,mv_irongiant,7,The Iron Giant,Ted Hughes
wr_tema,mv_ouach,7,Mickey's Once upon a Christmas,Temple Mathews
wr_tema,mv_rtneverl,7,Return to Never Land,Temple Mathews
wr_tema,mv_tlmm2,7,The little Mermaid II,Temple Mathews
wr_tene,mv_jjatt,7,Jack-Jack-Attack,Teddy Newton
wr_tero,mv_alad,7,Aladdin (Film),Terry Rossio
wr_tero,mv_treasurepl,7,Treasure Planet,Terry Rossio
wr_tese,mv_alice,7,Alice in Wonderland,Ted Sears
wr_tese,mv_cind,7,Cinderella (1950),Ted Sears
wr_tese,mv_funff,7,Fun and Fancy Free,Ted Sears
wr_tese,mv_ppan,7,Peter Pan,Ted Sears
wr_tese,mv_pinocchio,7,Pinocchio,Ted Sears
wr_tese,mv_salam,7,Saludos Amigos,Ted Sears
wr_tese,mv_tsby,7,Sleeping Beauty,Ted Sears
wr_tese,mv_snow,7,Snow White and the Seven Dwarfs,Ted Sears
wr_tese,mv_ichtoad,7,The Adventures of Ichabod and Mr. Toad,Ted Sears
wr_tese,mv_thrcab,7,The Three Caballeros,Ted Sears
wr_thee,mv_mmmus,7,Make mine Music,T. Hee
wr_then,mv_brbear,7,Brother Bear,Thom Enriquez
wr_then,mv_hercules,7,Hercules,Thom Enriquez
wr_then,mv_liki,7,The Lion King,Thom Enriquez
wr_thha,mv_ouach,7,Mickey's Once upon a Christmas,Thomas Hart
wr_thmdi,mv_toaster,7,The Breave little Toaster,Thomas M. Disch
wr_tibu,mv_nbchr,7,Nightmare before Christmas,Tim Burton
wr_tidi,mv_olicomp,7,Oliver and Company,Tim Disney
wr_tihe,mv_bedtime,7,Bedtime Stories,Tim Herlihy
wr_toca,mv_chrrob,7,Christopher Robin,Tom McCarthy
wr_toca,mv_up,7,Up,Tom McCarthy
wr_tocr,mv_donlamp,7,Donald's Lamp Trade,Tony Craig
wr_toel,mv_batb,7,Beauty and the Beast,Tom Ellery
wr_togo,mv_aristo,7,The Aristocats,Tom McGowan
wr_toku,mv_poca,7,Pocahontas,Todd Kurosawa
wr_tona,mv_ouach,7,Mickey's Once upon a Christmas,Tom Nance
wr_toor,mv_alice,7,Alice in Wonderland,Tom Oreb
wr_toor,mv_funff,7,Fun and Fancy Free,Tom Oreb
wr_toor,mv_mmmus,7,Make mine Music,Tom Oreb
wr_toro,mv_secotw,7,Secret of the Wings,Tom Rogers
wr_toro,mv_liki2,7,The Lion King 1/1/2,Tom Rogers
wr_toro,mv_tinkerlnb,7,Tinker Bell and the Legend of the NeverBeast,Tom Rogers
wr_torow,mv_aristo,7,The Aristocats,Tom Rowe
wr_tosi,mv_liki,7,The Lion King,Tom Sito
wr_trsh,mv_101dal96,7,One Hundred And One Dalmatians (96),Trudy Ship
wr_ubiw,mv_oswald,7,Oswald the Lucky Rabbit,Ub Iwerks
wr_ubiw,mv_stbtwl,7,Steamboat Willie,Ub Iwerks
wr_vage,mv_hercules,7,Hercules,Vance Gerry
wr_vage,mv_olicomp,7,Oliver and Company,Vance Gerry
wr_vage,mv_aristo,7,The Aristocats,Vance Gerry
wr_vage,mv_blcaul,7,The Black Cauldron,Vance Gerry
wr_vage,mv_foxho,7,The Fox and the Hound,Vance Gerry
wr_vage,mv_tgmouse,7,The Great Mouse Detective,Vance Gerry
wr_vage,mv_jungle,7,The Jungle Book,Vance Gerry
wr_vage,mv_mapooh,7,The many Adventures of Winnie the Pooh,Vance Gerry
wr_vage,mv_resc,7,The Rescuers,Vance Gerry
wr_vapo,mv_toyst4,7,Toy Story 4,Valerie LaPointe
wr_vest,mv_bambi,7,Bambi,Vernon Stallings
wr_vist,mv_dory,7,Finding Dory,Victoria Strouse
wr_wadi,mv_oswald,7,Oswald the Lucky Rabbit,Walt Disney
wr_wadi,mv_stbtwl,7,Steamboat Willie,Walt Disney
wr_wadi,mv_wisehen,7,The Wise Little Hen,Walt Disney
wr_webe,mv_emojii,7,As Told by Emojii,Wesley Bender
wr_wesm,mv_pinocchio,7,Pinocchio,Webb Smith
wr_wesm,mv_salam,7,Saludos Amigos,Webb Smith
wr_wesm,mv_snow,7,Snow White and the Seven Dwarfs,Webb Smith
wr_wico,mv_alice,7,Alice in Wonderland,William Cottrell
wr_wico,mv_ppan,7,Peter Pan,William Cottrell
wr_wico,mv_pinocchio,7,Pinocchio,William Cottrell
wr_wico,mv_salam,7,Saludos Amigos,William Cottrell
wr_wico,mv_thrcab,7,The Three Caballeros,William Cottrell
wr_wico,mv_toyst4,7,Toy Story 4,Will McCormack
wr_wifi,mv_hotr,7,Home on the Range,Will Finn
wr_wihi,mv_alice,7,Alice in Wonderland,Winston Hibler
wr_wihi,mv_cind,7,Cinderella (1950),Winston Hibler
wr_wihi,mv_ppan,7,Peter Pan,Winston Hibler
wr_wihi,mv_tsby,7,Sleeping Beauty,Winston Hibler
wr_wihi,mv_ichtoad,7,The Adventures of Ichabod and Mr. Toad,Winston Hibler
wr_wijo,mv_mtr,7,Meet the Robinsons,William Joyce
wr_wowo,mv_brbear,7,Brother Bear,Woody Woodman
wr_xaat,mv_mapooh,7,The many Adventures of Winnie the Pooh,Xavier Atencio
wr_zape,mv_avengers,7,Marvel - The Avengers,Zak Penn