From,To,Type
mv_moana,wr_aaka,7
mv_heffalump,wr_aami,7
mv_pigbm,wr_aami,7
mv_coco,wr_admo,7
mv_gigantic,wr_adna,7
mv_ducktls,wr_albu,7
mv_lands2,wr_alju,7
mv_bambi6,wr_alki,7
mv_ouach,wr_alma,7
mv_chrrob,wr_alrope,7
mv_wondersdeep,wr_alrr,7
mv_chrrob,wr_alsch,7
mv_frozen2,wr_alsch,7
mv_blcaul,wr_alwi,7
mv_liki,wr_anga,7
mv_lands2,wr_anle,7
mv_toystterr,wr_anma,7
mv_abuli,wr_anst,7
mv_dory,wr_anst,7
mv_monsters,wr_anst,7
mv_nemo,wr_anst,7
mv_toyst,wr_anst,7
mv_toyst2,wr_anst,7
mv_toyst3,wr_anst,7
mv_toyst4,wr_anst,7
mv_ironman,wr_arma,7
mv_blcaul,wr_arst,7
mv_toyst2,wr_asbr,7
mv_pinocchio,wr_auba,7
mv_mtr,wr_aure,7
mv_liki,wr_bajo,7
mv_cars2,wr_bequ,7
mv_cars3,wr_bequ,7
mv_tuach,wr_bimo,7
mv_101dal65,wr_bipe,7
mv_alice,wr_bipe,7
mv_cind,wr_bipe,7
mv_jungle,wr_bipe,7
mv_ppan,wr_bipe,7
mv_swits,wr_bipe,7
mv_thrcab,wr_bipe,7
mv_tsby,wr_bipe,7
mv_teapet,wr_bist,7
mv_merpop,wr_biwa,7
mv_piratefair,wr_boga,7
mv_planefr,wr_boga,7
mv_secotw,wr_boga,7
mv_stitch,wr_boga,7
mv_jjatt,wr_bong,7
mv_cars3,wr_bope,7
mv_nemo,wr_bope,7
mv_tgoodi,wr_bope,7
mv_up,wr_bope,7
mv_abuli,wr_bosh,7
mv_hercules,wr_bosh,7
mv_tarzan,wr_botzu,7
mv_inc,wr_brbi,7
mv_inc2,wr_brbi,7
mv_irongiant,wr_brbi,7
mv_jjatt,wr_brbi,7
mv_ratatou,wr_brbi,7
mv_batb,wr_brch,7
mv_brave,wr_brch,7
mv_cars3,wr_brfe,7
mv_heffalump,wr_brho,7
mv_pigbm,wr_brho,7
mv_zoo,wr_brho,7
mv_brbear,wr_brjo,7
mv_cars2,wr_brle,7
mv_hercules,wr_brmo,7
mv_poca,wr_brmo,7
mv_tgmouse,wr_brmo,7
mv_alad,wr_brpi,7
mv_batb,wr_brpi,7
mv_goofy,wr_brpi,7
mv_batb,wr_brwo,7
mv_alad,wr_buma,7
mv_batb,wr_buma,7
mv_foxho,wr_buma,7
mv_liki,wr_buma,7
mv_poca,wr_buma,7
mv_resc,wr_buma,7
mv_tgmouse,wr_buma,7
mv_resc2,wr_bysi,7
mv_poca,wr_cabi,7
mv_gepetto,wr_caco,7
mv_ouach,wr_cacr,7
mv_bambi,wr_cafa,7
mv_tuach,wr_caho,7
mv_mmmus,wr_capa,7
mv_nbchr,wr_cath,7
mv_olicomp,wr_chba,7
mv_frozen,wr_chbu,7
mv_poca,wr_chbu,7
mv_bambi,wr_chco,7
mv_ouach,wr_chco,7
mv_tuach,wr_chcr,7
mv_goofy,wr_chma,7
mv_looney,wr_chmachjo,7
mv_alad,wr_chsa,7
mv_batb,wr_chsa,7
mv_lands,wr_chsa,7
mv_liki,wr_chsa,7
mv_mulan,wr_chsa,7
mv_teapet,wr_chst,7
mv_bolt,wr_chwi,7
mv_moana,wr_chwi,7
mv_piratefair,wr_crge,7
mv_sofia,wr_crge,7
mv_wondersdeep,wr_daba,7
mv_bolt,wr_dafo,7
mv_cars,wr_dafo,7
mv_cars2,wr_dafo,7
mv_tang,wr_dafo,7
mv_bh6,wr_dage,7
mv_monsters,wr_dage,7
mv_monstersuni,wr_dage,7
mv_brbear,wr_daho,7
mv_alad,wr_daji,7
mv_blcaul,wr_dajo,7
mv_turbo,wr_dale,7
mv_musketeers,wr_damev,7
mv_foxho,wr_dami,7
mv_olicomp,wr_dami,7
mv_resc,wr_dami,7
mv_tgmouse,wr_dami,7
mv_nemo,wr_dare,7
mv_alad,wr_daro,7
mv_monstersuni,wr_dasc,7
mv_turbo,wr_daso,7
mv_alad,wr_dass,7
mv_gepetto,wr_dast,7
mv_wondersdeep,wr_dawa,7
mv_alice,wr_deco,7
mv_thrcab,wr_deco,7
mv_alice,wr_dihu,7
mv_dumbo,wr_dihu,7
mv_fant,wr_dihu,7
mv_mmmus,wr_dihu,7
mv_alice,wr_dike,7
mv_mmmus,wr_dike,7
mv_mmmus,wr_diki,7
mv_snow,wr_diri,7
mv_resc,wr_dise,7
mv_mmmus,wr_dish,7
mv_snow,wr_dobl,7
mv_lattr,wr_doda,7
mv_merpop,wr_doda,7
mv_hercules,wr_dodo,7
mv_moana,wr_doha,7
mv_mtr,wr_doha,7
mv_abuli,wr_domc,7
mv_hercules,wr_domc,7
mv_poca,wr_duma,7
mv_snow,wr_eahu,7
mv_foxho,wr_eakr,7
mv_wild,wr_edde,7
mv_liki,wr_edgo,7
mv_poca,wr_edgo,7
mv_lands2,wr_edgu,7
mv_ouach,wr_edgu,7
mv_tiggermv,wr_edgu,7
mv_tlmm2,wr_edgu,7
mv_tlmm2,wr_elan,7
mv_funff,wr_elde,7
mv_tlmm2,wr_eldha,7
mv_thrcab,wr_elpl,7
mv_tgoodi,wr_erbe,7
mv_aristo,wr_ercl,7
mv_mapooh,wr_ercl,7
mv_mmmus,wr_ergr,7
mv_mmmus,wr_ergu,7
mv_alice,wr_erpe,7
mv_cind,wr_erpe,7
mv_ichtoad,wr_erpe,7
mv_lattr,wr_erpe,7
mv_mmmus,wr_erpe,7
mv_pinocchio,wr_erpe,7
mv_ppan,wr_erpe,7
mv_tsby,wr_erpe,7
mv_thrcab,wr_erte,7
mv_mulan,wr_eubosi,7
mv_heffalump,wr_evsp,7
mv_jungle2,wr_evsp,7
mv_musketeers,wr_evsp,7
mv_cars3,wr_eypo,7
mv_jungle,wr_flno,7
mv_looney,wr_frbeteav,7
mv_alad,wr_frgl,7
mv_hercules,wr_frgl,7
mv_liki,wr_frgl,7
mv_poca,wr_frgl,7
mv_resc,wr_frlu,7
mv_aristo,wr_frth,7
mv_resc,wr_frth,7
mv_liki,wr_gatr,7
mv_olicomp,wr_gatr,7
mv_indy,wr_gelu,7
mv_starwars,wr_gelu,7
mv_poca,wr_glke,7
mv_chrrob,wr_grbr,7
mv_tpatf,wr_grer,7
mv_alad19,wr_guri,7
mv_tugduck,wr_haan,7
mv_ironman,wr_haos,7
mv_cind,wr_hare,7
mv_funff,wr_hare,7
mv_ichtoad,wr_hare,7
mv_mmmus,wr_hare,7
mv_salam,wr_hare,7
mv_cind,wr_hobr,7
mv_funff,wr_hobr,7
mv_ichtoad,wr_hobr,7
mv_mmmus,wr_hobr,7
mv_salam,wr_hobr,7
mv_thrcab,wr_hobr,7
mv_brave,wr_irme,7
mv_hercules,wr_irme,7
mv_mmmus,wr_jabo,7
mv_thrcab,wr_jabo,7
mv_moana,wr_jabu,7
mv_muppets,wr_jabu,7
mv_zoo,wr_jabu,7
mv_alad,wr_jafu,7
mv_guards,wr_jagu,7
mv_coco,wr_jaka,7
mv_olicomp,wr_jama,7
mv_emojii,wr_jamo,7
mv_tpatf,wr_jaor,7
mv_tuach,wr_japast,7
mv_ratatou,wr_japi,7
mv_piratefair,wr_jeho,7
mv_planefr,wr_jeho,7
mv_planes,wr_jeho,7
mv_muppets,wr_jeju,7
mv_frozen,wr_jele,7
mv_frozen2,wr_jele,7
mv_wir,wr_jele,7
mv_zoo,wr_jele,7
mv_mmmus,wr_jema,7
mv_friendrat,wr_jepi,7
mv_monsters,wr_jepi,7
mv_whofrrr,wr_jepr,7
mv_hercules,wr_jesn,7
mv_stitch,wr_jewi,7
mv_friendrat,wr_jica,7
mv_liki,wr_jica,7
mv_ratatou,wr_jica,7
mv_olicomp,wr_jico,7
mv_resc2,wr_jico,7
mv_monsters,wr_jicu,7
mv_doug,wr_jiji,7
mv_olicomp,wr_jimi,7
mv_tuach,wr_jipe,7
mv_ralphbrk,wr_jire,7
mv_wir,wr_jire,7
mv_zoo,wr_jire,7
mv_ironman,wr_jjab,7
mv_piratefair,wr_jmba,7
mv_rtneverl,wr_jmba,7
mv_recess,wr_joan,7
mv_alad19,wr_joau,7
mv_frween,wr_joau,7
mv_ironman,wr_joau,7
mv_mtr,wr_jobe,7
mv_toyst4,wr_joco,7
mv_monster,wr_jocoba,7
mv_hidalgo,wr_jofu,7
mv_alice,wr_jogr,7
mv_dumbo,wr_jogr,7
mv_fant,wr_jogr,7
mv_lattr,wr_jogr,7
mv_poca,wr_jogr,7
mv_recess,wr_jogr,7
mv_salam,wr_jogr,7
mv_blcaul,wr_joha,7
mv_flubber,wr_johu,7
mv_wild,wr_jojst,7
mv_paperman,wr_joka,7
mv_moana,wr_jokan,7
mv_cars,wr_jokl,7
mv_liki,wr_jokl,7
mv_abuli,wr_jola,7
mv_cars,wr_jola,7
mv_cars2,wr_jola,7
mv_luxo,wr_jola,7
mv_piratefair,wr_jola,7
mv_planes,wr_jola,7
mv_redsdr,wr_jola,7
mv_toyst,wr_jola,7
mv_toyst2,wr_jola,7
mv_toyst3,wr_jola,7
mv_toyst4,wr_jola,7
mv_mtr,wr_joma,7
mv_alad,wr_jomu,7
mv_hercules,wr_jomu,7
mv_tgmouse,wr_jomu,7
mv_tlmm,wr_jomu,7
mv_tpatf,wr_jomu,7
mv_treasurepl,wr_jomu,7
mv_brbear,wr_jono,7
mv_brbear,wr_jopu,7
mv_abuli,wr_jora,7
mv_batb,wr_jora,7
mv_cars,wr_jora,7
mv_hercules,wr_jora,7
mv_liki,wr_jora,7
mv_olicomp,wr_jora,7
mv_resc2,wr_jora,7
mv_toyst,wr_jora,7
mv_alice,wr_jori,7
mv_cind,wr_jori,7
mv_ichtoad,wr_jori,7
mv_lattr,wr_jori,7
mv_ppan,wr_jori,7
mv_tsby,wr_jori,7
mv_bh6,wr_joro,7
mv_jampch,wr_joro,7
mv_hotr,wr_josa,7
mv_pinocchio,wr_josa,7
mv_cars3,wr_jost,7
mv_ralphbrk,wr_jotr,7
mv_zoo,wr_jotr,7
mv_alice,wr_jowa,7
mv_mmmus,wr_jowa,7
mv_avengers,wr_jowh,7
mv_tiggermv,wr_jufa,7
mv_aristo,wr_jusv,7
mv_mapooh,wr_jusv,7
mv_ducktls,wr_jyma,7
mv_goofy,wr_jyma,7
mv_jungle2,wr_kage,7
mv_hercules,wr_kaka,7
mv_poca,wr_kaka,7
mv_jampch,wr_kaki,7
mv_resc2,wr_kaki,7
mv_tinkerlnb,wr_kako,7
mv_aristo,wr_kean,7
mv_cind,wr_kean,7
mv_jungle,wr_kean,7
mv_mapooh,wr_kean,7
mv_resc,wr_kean,7
mv_rhood,wr_kean,7
mv_batb,wr_keas,7
mv_brbear,wr_kede,7
mv_alad,wr_keha,7
mv_batb,wr_keha,7
mv_brbear,wr_keha,7
mv_liki,wr_keha,7
mv_alad,wr_keli,7
mv_olicomp,wr_keli,7
mv_tgoodi,wr_kema,7
mv_doug,wr_kesc,7
mv_hercules,wr_kewi,7
mv_alad,wr_kiha,7
mv_hercules,wr_kiha,7
mv_cars,wr_kimu,7
mv_cars3,wr_kimu,7
mv_olicomp,wr_kiwi,7
mv_planes,wr_klha,7
mv_aristo,wr_lacl,7
mv_foxho,wr_lacl,7
mv_jungle,wr_lacl,7
mv_mapooh,wr_lacl,7
mv_resc,wr_lacl,7
mv_rhood,wr_lacl,7
mv_indy,wr_laka,7
mv_alad,wr_lale,7
mv_liki,wr_lale,7
mv_bambi,wr_lamo,7
mv_funff,wr_lano,7
mv_olicomp,wr_lejo,7
mv_coco,wr_leun,7
mv_toyst3,wr_leun,7
mv_batb,wr_liwo,7
mv_brbear,wr_loca,7
mv_liki,wr_loco,7
mv_piratefair,wr_loco,7
mv_coco,wr_maal,7
mv_brave,wr_maand,7
mv_jjatt,wr_maand,7
mv_gigantic,wr_maas,7
mv_alad2,wr_maco,7
mv_jafar,wr_maco,7
mv_tinkerlnb,wr_maco,7
mv_chlit,wr_madi,7
mv_ironman,wr_mafe,7
mv_wild,wr_magi,7
mv_simpsons,wr_magr,7
mv_ironman,wr_maho,7
mv_toyst4,wr_mahy,7
mv_emojii,wr_maja,7
mv_liki,wr_maka,7
mv_chlit,wr_make,7
mv_hercules,wr_make,7
mv_hotr,wr_make,7
mv_bedtime,wr_malo,7
mv_tgmouse,wr_maoca,7
mv_tuach,wr_maoca,7
mv_monster,wr_maol,7
mv_cbears,wr_mape,7
mv_cind,wr_mara,7
mv_chrrob,wr_mastjo,7
mv_tgoodi,wr_mefa,7
mv_tgoodi,wr_mefa,7
mv_snow,wr_mema,7
mv_bambi,wr_mesh,7
mv_tgmouse,wr_mesh,7
mv_alice,wr_miba,7
mv_ppan,wr_miba,7
mv_tsby,wr_miba,7
mv_olicomp,wr_mice,7
mv_monster,wr_midi,7
mv_nbchr,wr_mido,7
mv_olicomp,wr_miga,7
mv_elhol,wr_migi,7
mv_hotr,wr_mila,7
mv_lands2,wr_mila,7
mv_cars3,wr_miri,7
mv_mtr,wr_misp,7
mv_mtr,wr_nagr,7
mv_guards,wr_nipe,7
mv_tarzan,wr_nowh,7
mv_dumbo,wr_oten,7
mv_pinocchio,wr_oten,7
mv_snow,wr_oten,7
mv_recess,wr_page,7
mv_moana,wr_pari,7
mv_ralphbrk,wr_pari,7
mv_wondersdeep,wr_paru,7
mv_alad,wr_pave,7
mv_inout,wr_pedo,7
mv_monsters,wr_pedo,7
mv_toyst,wr_pedo,7
mv_toyst2,wr_pedo,7
mv_up,wr_pedo,7
mv_piratefair,wr_peho,7
mv_secotw,wr_peho,7
mv_tuach,wr_peho,7
mv_bambi,wr_pepe,7
mv_cind,wr_pepe,7
mv_tgoodi,wr_peso,7
mv_whofrrr,wr_pess,7
mv_blcaul,wr_peyo,7
mv_foxho,wr_peyo,7
mv_olicomp,wr_peyo,7
mv_tgmouse,wr_peyo,7
mv_wild,wr_phha,7
mv_ralphbrk,wr_phjo,7
mv_wir,wr_phjo,7
mv_wir,wr_phjo,7
mv_zoo,wr_phjo,7
mv_indy,wr_phka,7
mv_mulan,wr_phla,7
mv_poca,wr_phla,7
mv_cars,wr_phlo,7
mv_hercules,wr_raca,7
mv_monsters,wr_raeg,7
mv_toyst4,wr_rajo,7
mv_mulan,wr_rasi,7
mv_aristo,wr_rawr,7
mv_bambi,wr_rawr,7
mv_jungle,wr_rawr,7
mv_lattr,wr_rawr,7
mv_mapooh,wr_rawr,7
mv_ppan,wr_rawr,7
mv_salam,wr_rawr,7
mv_thrcab,wr_rawr,7
mv_tsby,wr_rawr,7
mv_poca,wr_razo,7
mv_alad,wr_rere,7
mv_ouach,wr_ricr,7
mv_snow,wr_ricr,7
mv_mulan,wr_rihs,7
mv_salam,wr_rihu,7
mv_liki,wr_rima,7
mv_ralphbrk,wr_rimo,7
mv_wir,wr_rimo,7
mv_zoo,wr_rimo,7
mv_blcaul,wr_riri,7
mv_alad,wr_roal,7
mv_batb,wr_roal,7
mv_olicomp,wr_roal,7
mv_chlit,wr_roan,7
mv_bh6,wr_roba,7
mv_monstersuni,wr_roba,7
mv_inout,wr_roca,7
mv_alad,wr_rocl,7
mv_hercules,wr_rocl,7
mv_tgmouse,wr_rocl,7
mv_tlmm,wr_rocl,7
mv_tpatf,wr_rocl,7
mv_treasurepl,wr_rocl,7
mv_jampch,wr_roda,7
mv_mulan,wr_rodsaso,7
mv_tpatf,wr_roed,7
mv_treasurepl,wr_roed,7
mv_brbear,wr_rofr,7
mv_chlit,wr_rofr,7
mv_donlamp,wr_roga,7
mv_jjatt,wr_rogi,7
mv_poca,wr_rogi,7
mv_batb,wr_role,7
mv_hotr,wr_role,7
mv_blcaul,wr_romo,7
mv_alad2,wr_rosch,7
mv_jafar,wr_rosch,7
mv_tinkerlnb,wr_rosch,7
mv_turbo,wr_rosi,7
mv_mmmus,wr_rowi,7
mv_salam,wr_rowi,7
mv_thrcab,wr_rowi,7
mv_secotw,wr_ryro,7
mv_hotr,wr_sale,7
mv_ouach,wr_scgo,7
mv_frozen,wr_shmo,7
mv_funff,wr_sile,7
mv_mtr,wr_stan,7
mv_brbear,wr_stbe,7
mv_chlit,wr_stbe,7
mv_jampch,wr_stbl,7
mv_toyst4,wr_stfo,7
mv_foxho,wr_sthu,7
mv_tgmouse,wr_sthu,7
mv_tinkerlnb,wr_stlo,7
mv_brave,wr_stpu,7
mv_toysttf,wr_stpu,7
mv_brbear,wr_stwe,7
mv_poca,wr_sugr,7
mv_alad,wr_suni,7
mv_mmmus,wr_syho,7
mv_brbear,wr_tamu,7
mv_hbnd,wr_tamu,7
mv_tarzan,wr_tamu,7
mv_jafar,wr_tast,7
mv_blcaul,wr_tebe,7
mv_foxho,wr_tebe,7
mv_mapooh,wr_tebe,7
mv_resc,wr_tebe,7
mv_alad,wr_teel,7
mv_treasurepl,wr_teel,7
mv_irongiant,wr_tehu,7
mv_ironman,wr_tehu,7
mv_ouach,wr_tema,7
mv_rtneverl,wr_tema,7
mv_tlmm2,wr_tema,7
mv_jjatt,wr_tene,7
mv_alad,wr_tero,7
mv_treasurepl,wr_tero,7
mv_alice,wr_tese,7
mv_cind,wr_tese,7
mv_funff,wr_tese,7
mv_ichtoad,wr_tese,7
mv_pinocchio,wr_tese,7
mv_ppan,wr_tese,7
mv_salam,wr_tese,7
mv_snow,wr_tese,7
mv_thrcab,wr_tese,7
mv_tsby,wr_tese,7
mv_mmmus,wr_thee,7
mv_brbear,wr_then,7
mv_hercules,wr_then,7
mv_liki,wr_then,7
mv_ouach,wr_thha,7
mv_toaster,wr_thmdi,7
mv_nbchr,wr_tibu,7
mv_olicomp,wr_tidi,7
mv_bedtime,wr_tihe,7
mv_chrrob,wr_toca,7
mv_up,wr_toca,7
mv_donlamp,wr_tocr,7
mv_batb,wr_toel,7
mv_aristo,wr_togo,7
mv_poca,wr_toku,7
mv_ouach,wr_tona,7
mv_alice,wr_toor,7
mv_funff,wr_toor,7
mv_mmmus,wr_toor,7
mv_liki2,wr_toro,7
mv_secotw,wr_toro,7
mv_tinkerlnb,wr_toro,7
mv_aristo,wr_torow,7
mv_liki,wr_tosi,7
mv_101dal99,wr_trsh,7
mv_oswald,wr_ubiw,7
mv_stbtwl,wr_ubiw,7
mv_aristo,wr_vage,7
mv_blcaul,wr_vage,7
mv_foxho,wr_vage,7
mv_hercules,wr_vage,7
mv_jungle,wr_vage,7
mv_mapooh,wr_vage,7
mv_olicomp,wr_vage,7
mv_resc,wr_vage,7
mv_tgmouse,wr_vage,7
mv_toyst4,wr_vapo,7
mv_bambi,wr_vest,7
mv_dory,wr_vist,7
mv_oswald,wr_wadi,7
mv_stbtwl,wr_wadi,7
mv_wisehen,wr_wadi,7
mv_emojii,wr_webe,7
mv_pinocchio,wr_wesm,7
mv_salam,wr_wesm,7
mv_snow,wr_wesm,7
mv_alice,wr_wico,7
mv_pinocchio,wr_wico,7
mv_ppan,wr_wico,7
mv_salam,wr_wico,7
mv_thrcab,wr_wico,7
mv_toyst4,wr_wico,7
mv_hotr,wr_wifi,7
mv_alice,wr_wihi,7
mv_cind,wr_wihi,7
mv_ichtoad,wr_wihi,7
mv_ppan,wr_wihi,7
mv_tsby,wr_wihi,7
mv_mtr,wr_wijo,7
mv_brbear,wr_wowo,7
mv_mapooh,wr_xaat,7
mv_avengers,wr_zape,7